X,Y,BRIGHTNESS
437,4,677.9194946289062
438,4,2839.321533203125
439,4,2839.800537109375
440,4,717.2828979492188
3111,4,2634.97314453125
3435,4,1097.7884521484375
1221,5,4393.27978515625
1953,5,2739.242431640625
2022,5,149.8973846435547
2098,5,5138.2861328125
2126,5,4921.4599609375
3615,5,183.19248962402344
446,6,154.29110717773438
1795,6,294.8218688964844
2127,6,328.71588134765625
3174,6,553.7776489257812
388,7,1069.48828125
430,7,1365.0225830078125
832,7,2561.41845703125
1362,7,1695.7506103515625
2931,7,312.2889404296875
3517,7,1748.7158203125
1286,8,810.8118286132812
1525,8,290.8570861816406
2405,8,814.783203125
427,9,608.3946533203125
429,9,1166.059326171875
1053,9,127.44906616210938
1054,9,1093.7066650390625
2860,9,1721.3697509765625
3163,9,5107.171875
3486,9,292.7817687988281
425,10,134.41085815429688
427,10,3729.848388671875
676,10,1489.1217041015625
843,10,174.40234375
878,10,1078.25341796875
1008,10,4673.8212890625
1825,10,1016.7506103515625
2231,10,2635.115478515625
2638,10,5616.24658203125
3453,10,1107.7127685546875
434,11,5211.98193359375
435,11,2622.658447265625
1137,11,2156.8251953125
2134,11,1774.171142578125
2356,11,3824.66748046875
3023,11,904.5965576171875
3580,11,1402.6685791015625
1571,12,650.794921875
1991,12,1787.372802734375
2893,12,841.777587890625
3158,12,634.5616455078125
3302,12,1533.83447265625
3346,12,154.6815643310547
3773,12,2131.7685546875
2232,13,1587.7037353515625
3600,13,122.20234680175781
3874,13,227.34637451171875
1300,14,514.291015625
2629,14,1026.685302734375
3781,14,2999.238037109375
951,15,309.58343505859375
3948,15,276.6872253417969
1476,16,634.0880126953125
2141,16,934.1934204101562
2741,16,1133.8514404296875
4086,16,748.347900390625
845,17,800.8984375
3619,17,567.423583984375
292,18,6544.93994140625
1504,18,2969.51416015625
1578,18,2231.377685546875
2144,18,1153.71435546875
2441,18,1891.7940673828125
2510,18,3365.679931640625
3575,18,152.2749786376953
3942,18,366.7808837890625
53,19,3703.093017578125
2128,19,2232.936767578125
2145,19,566.8911743164062
2510,19,918.9765014648438
2973,19,1133.2010498046875
3065,19,1371.4825439453125
486,20,100.37081146240234
1915,20,442.32568359375
2146,20,4106.8876953125
367,21,3993.2177734375
1183,21,1893.843994140625
4000,21,788.2400512695312
4015,21,556.0798950195312
2371,22,4045.69677734375
2672,22,967.635498046875
2039,23,245.77044677734375
2340,23,333.3560485839844
3791,23,2115.396484375
3849,23,2723.5029296875
2849,24,599.3198852539062
3081,24,564.7330932617188
3532,24,1478.33154296875
4053,24,246.1526336669922
359,25,636.0739135742188
1192,25,1793.3638916015625
2751,25,716.5940551757812
1068,26,317.6867370605469
2372,26,1608.9739990234375
3252,26,866.353515625
3534,26,1831.2587890625
3926,26,491.28692626953125
778,27,178.90463256835938
1261,27,121.76579284667969
1838,27,776.2278442382812
2175,27,752.9041137695312
2436,27,265.80242919921875
3098,27,874.5579833984375
3491,27,218.51376342773438
3924,27,1301.0736083984375
1653,28,3564.137451171875
2101,28,2344.805908203125
3951,28,6861.484375
385,29,1351.322265625
1927,29,2140.251953125
2408,29,162.7853240966797
2666,29,119.39730072021484
151,30,868.1878662109375
823,30,926.9337768554688
1275,30,554.9747924804688
1999,30,6068.10888671875
3918,30,724.5367431640625
4,31,1069.6702880859375
69,31,112.8529281616211
381,31,182.1160125732422
1930,31,758.058349609375
1965,31,743.7540893554688
3484,31,1126.9654541015625
378,32,100.59429931640625
379,32,6368.97265625
380,32,2268.8076171875
1326,32,479.74267578125
2162,32,2048.7578125
2969,32,1081.1717529296875
2976,32,1131.4154052734375
2075,33,1161.86572265625
2164,33,1712.115234375
3206,33,2062.937744140625
62,34,4830.9091796875
750,34,1660.38720703125
1630,34,2797.92138671875
1631,34,262.7331237792969
2100,34,2529.7568359375
2370,34,3014.474365234375
2810,34,4105.33837890625
2823,34,2743.760498046875
2945,34,1518.4317626953125
3286,34,270.343994140625
998,35,960.1417236328125
3000,35,3599.610595703125
3748,35,1358.0369873046875
1838,36,2019.622314453125
3203,36,169.79470825195312
3274,36,2000.53857421875
3322,36,766.651123046875
431,37,156.1038818359375
589,37,1644.915771484375
981,37,1025.1199951171875
1120,37,2416.3994140625
1121,37,1395.386962890625
2170,37,4234.48046875
2391,37,1299.135986328125
3803,37,428.5260009765625
3862,37,685.8697509765625
210,38,134.08531188964844
1121,38,2835.38037109375
1921,38,178.5310821533203
2669,38,1763.7335205078125
592,39,141.7557830810547
2172,39,666.3351440429688
3281,39,1260.056396484375
1321,40,2128.236083984375
2899,40,4387.7646484375
171,41,129.0167999267578
743,41,1251.154296875
2175,41,1424.7557373046875
1370,42,2469.112060546875
1870,42,1771.0740966796875
3023,42,618.6931762695312
865,43,1843.5841064453125
902,43,451.3280029296875
1015,43,2203.217529296875
1282,43,200.3365020751953
1872,43,954.9111328125
2121,43,214.22573852539062
2819,43,2084.89306640625
3334,43,207.241943359375
3712,43,156.3180389404297
1169,44,2274.32421875
2179,44,3897.07373046875
2708,44,174.33377075195312
3459,44,242.38729858398438
1949,45,894.1892700195312
1963,45,229.96681213378906
1134,46,842.80078125
2181,46,126.98851013183594
2532,46,933.259033203125
740,47,1424.0826416015625
1526,47,373.83502197265625
1961,47,2151.666015625
2183,47,2194.63427734375
2525,47,836.1568603515625
3375,47,610.0089111328125
1709,48,1572.9625244140625
1953,48,251.09800720214844
3578,48,1679.8516845703125
2216,49,1300.937744140625
2408,49,4485.93359375
3165,49,1502.32421875
236,50,145.4908905029297
525,50,1324.9393310546875
993,50,784.1986694335938
1247,50,2547.358154296875
2187,50,1985.1932373046875
2409,50,4169.15771484375
3110,50,951.5187377929688
3771,50,2407.4453125
1559,51,786.9288940429688
1957,51,590.7703247070312
1961,51,2713.82568359375
3070,51,1083.478515625
3679,51,1414.6998291015625
1140,52,468.3338623046875
1533,52,669.0828247070312
2829,52,467.9269104003906
941,53,939.642333984375
1700,53,1800.928955078125
1952,53,1119.96142578125
2297,53,807.8442993164062
2688,53,1657.625244140625
49,54,5509.5703125
106,54,985.3972778320312
418,54,2117.14453125
636,54,966.2205200195312
1961,54,968.597412109375
2951,54,4156.166015625
3708,54,2602.165771484375
3891,54,150.62689208984375
4067,54,2140.375732421875
600,55,1679.069091796875
833,55,3133.116943359375
1227,55,1508.0963134765625
1736,55,1280.5701904296875
2194,55,2266.83056640625
3263,55,1256.568359375
3295,55,1400.23876953125
3355,55,428.9541320800781
1512,56,1303.4510498046875
2175,56,1714.97119140625
3347,56,3151.140380859375
3888,56,621.8410034179688
2031,57,257.1651916503906
2418,57,1462.70068359375
2586,57,695.2249145507812
3406,57,355.96636962890625
1665,58,1362.75537109375
2197,58,1330.3380126953125
3102,58,1986.9775390625
1709,59,5010.18212890625
2200,59,6765.27880859375
2421,59,1102.1875
3299,59,140.9847869873047
3336,59,760.3450317382812
3909,59,1153.8662109375
99,60,694.1454467773438
2198,60,193.12892150878906
2583,60,1567.3353271484375
2202,61,2345.932861328125
3303,61,1211.6907958984375
3518,61,2219.186767578125
3753,61,1530.197021484375
3905,61,5776.2294921875
1417,62,4416.99755859375
2624,62,2102.49462890625
3045,62,732.0581665039062
1657,63,213.61712646484375
1974,63,612.8089599609375
2776,63,2110.011962890625
2886,63,4885.9423828125
2120,64,165.9473419189453
2559,64,1604.8084716796875
3643,64,249.0947265625
896,65,3216.3583984375
1161,65,1822.496826171875
2348,65,402.168701171875
414,66,1291.434326171875
2254,66,3452.83984375
2275,66,194.29933166503906
1244,67,1238.8607177734375
1981,67,978.5382690429688
2202,67,253.72296142578125
2210,67,5200.72900390625
2432,67,919.4314575195312
2964,67,1133.1990966796875
3423,67,934.2788696289062
3565,67,1094.5771484375
1519,68,1673.7686767578125
2275,68,2983.85009765625
2852,68,2490.182861328125
3046,68,1700.529052734375
3769,68,512.8736572265625
246,69,912.6557006835938
367,69,3089.480712890625
3100,69,690.0477294921875
276,70,328.7040100097656
403,70,1716.73388671875
606,70,1953.0916748046875
1101,70,113.1655044555664
1341,70,1054.9144287109375
1555,70,776.6941528320312
2214,70,324.61224365234375
2925,70,918.46826171875
3102,70,2966.560302734375
3516,70,766.5863037109375
512,71,1138.9439697265625
1048,71,1806.6905517578125
1877,71,2189.015625
2191,71,184.1078643798828
2605,71,1118.62451171875
2889,71,818.6404418945312
3744,71,1673.7808837890625
59,72,1505.7630615234375
1813,72,4384.0888671875
2579,72,524.6398315429688
2638,72,1922.95458984375
2813,72,857.9639892578125
2980,72,451.82861328125
3341,72,573.6366577148438
3745,72,829.5892944335938
83,73,1089.404541015625
2608,73,140.46734619140625
821,74,174.5345001220703
1300,74,1085.9752197265625
2220,74,192.2931671142578
2441,74,4715.4150390625
2609,74,1003.5392456054688
2807,74,1330.7540283203125
3041,74,3318.916015625
3240,74,6104.59423828125
82,75,3278.224609375
260,75,878.2322387695312
612,75,1046.8822021484375
1599,75,1101.367431640625
1775,75,634.7174072265625
2221,75,2921.136962890625
3250,75,2742.009521484375
1309,76,1538.188720703125
2612,76,3430.25146484375
2083,77,2012.4775390625
2099,77,101.33155059814453
2843,77,2780.83984375
3811,77,2144.31494140625
575,78,2651.712158203125
1128,78,1540.162841796875
1798,78,1908.90283203125
2320,78,3581.53857421875
2358,78,250.2108612060547
2422,78,253.50416564941406
3615,78,1327.9837646484375
993,79,1362.240478515625
1128,79,1685.619140625
1532,79,711.0786743164062
1663,79,709.7327270507812
1975,79,463.48492431640625
1995,79,250.03500366210938
3860,79,1998.4591064453125
296,80,1557.905029296875
1698,80,1639.8079833984375
2383,80,286.2043151855469
2862,80,3366.747314453125
3856,80,2012.6072998046875
3877,80,859.6737670898438
3916,80,700.7598266601562
1460,81,2893.440673828125
2311,81,2365.8154296875
2383,81,331.47515869140625
2384,81,349.9673156738281
2661,81,931.2294311523438
2790,81,380.3948974609375
3624,81,962.142333984375
3831,81,522.9517822265625
1553,82,347.5708923339844
1611,82,5147.2294921875
2383,82,392.4491882324219
2384,82,397.2720031738281
2588,82,186.35800170898438
2633,82,625.486328125
3401,82,2843.69482421875
26,83,294.89605712890625
2383,83,100.63447570800781
2384,83,370.70892333984375
2823,83,869.4423217773438
2104,84,452.8580627441406
2441,84,196.88987731933594
2497,84,3537.60693359375
2750,84,827.0302734375
3810,84,134.72923278808594
306,85,2906.016845703125
914,85,157.0546417236328
1145,85,685.3484497070312
1636,85,819.7393798828125
3229,85,693.9759521484375
3233,85,329.6504211425781
1803,86,576.0072631835938
1970,86,1197.6068115234375
2155,86,2851.58837890625
3201,86,1289.9012451171875
993,87,1834.84326171875
1142,87,2190.5947265625
2111,87,601.576171875
2508,87,503.474853515625
17,88,1981.3570556640625
1484,88,947.7140502929688
1686,88,532.2610473632812
2825,88,248.14712524414062
294,89,1592.7132568359375
732,89,2195.833984375
1801,89,5220.27294921875
2634,89,491.36505126953125
344,90,5452.708984375
650,90,1059.8212890625
2010,90,933.3218994140625
2349,90,369.88519287109375
2529,90,803.3370361328125
2631,90,2759.771240234375
1168,91,2780.60009765625
2598,91,1303.981201171875
3882,91,1285.576171875
2135,92,390.365478515625
2346,92,1420.9736328125
3470,92,994.6036987304688
4008,92,753.151611328125
2108,93,1166.2152099609375
2349,93,1116.4722900390625
738,94,349.9087829589844
741,94,1534.079833984375
1937,94,1087.1326904296875
2203,94,209.52919006347656
2267,94,4016.68115234375
2543,94,2531.875
3491,94,1915.4312744140625
332,95,203.57029724121094
736,95,1449.402099609375
2343,95,2799.922119140625
33,96,598.7689208984375
1751,96,739.5770874023438
2250,96,6602.3984375
2611,96,1388.3160400390625
39,97,2140.555419921875
2587,97,113.71581268310547
3459,97,864.8048095703125
3884,97,485.464111328125
2474,98,2325.6845703125
2508,98,476.6747741699219
2509,98,1522.8365478515625
489,99,214.56442260742188
931,99,3682.2861328125
2040,99,1443.8975830078125
3139,99,158.0098419189453
2023,100,337.89288330078125
3023,100,3359.029541015625
3154,100,805.293701171875
3541,100,1050.9365234375
3788,100,1619.9124755859375
3842,100,2921.264404296875
4004,100,1615.3265380859375
2646,101,1739.609619140625
2686,101,1797.3250732421875
1179,102,2374.379638671875
2026,102,5877.84375
2208,102,138.3862762451172
3009,102,309.00494384765625
3916,102,2584.735595703125
549,103,340.0085144042969
1333,103,175.2457733154297
1831,103,850.3878173828125
1970,103,994.9237060546875
2199,103,1368.50927734375
879,104,268.27740478515625
966,104,200.6070556640625
1826,104,2636.666748046875
2201,104,2593.369140625
2482,104,812.9439086914062
2543,104,2242.222412109375
3681,104,1646.6829833984375
3796,104,1763.0953369140625
250,105,153.28565979003906
2183,105,164.4422607421875
2184,105,536.9322509765625
2597,105,105.58920288085938
2651,105,1166.1685791015625
1985,106,1081.8331298828125
2263,106,4467.94091796875
2965,106,613.1790771484375
3557,106,909.3370971679688
3731,106,1699.3525390625
3851,106,1396.811767578125
735,107,126.51094818115234
736,107,5885.95947265625
3336,107,1137.6253662109375
888,108,3112.775146484375
1298,108,1034.8448486328125
2602,108,1833.9681396484375
2846,108,1706.4122314453125
3324,108,139.78627014160156
324,109,166.42039489746094
757,109,130.1842041015625
2267,109,1651.4547119140625
2275,109,943.8717651367188
2279,109,935.7257080078125
3464,109,311.0217590332031
132,110,590.33056640625
937,110,2879.76806640625
2037,110,122.3260498046875
2189,110,1254.7047119140625
2497,110,3399.173095703125
2596,110,1058.2205810546875
2580,112,271.82366943359375
430,113,402.6302185058594
1262,113,430.424072265625
2041,113,146.47352600097656
2647,113,342.5830383300781
3811,113,282.1058349609375
3812,113,1856.654541015625
334,114,763.2619018554688
1413,114,671.11669921875
1477,114,2556.999267578125
2294,114,797.284423828125
2822,114,2117.213134765625
2917,114,433.3410949707031
3146,114,725.8246459960938
3187,114,3133.35302734375
3651,114,2455.7041015625
2226,115,3989.165771484375
2819,115,3778.599609375
3381,115,143.2021026611328
3802,115,173.4792938232422
1449,116,912.680419921875
2514,116,1630.093017578125
329,117,225.4783935546875
787,117,385.5438232421875
1728,117,2432.5087890625
3247,117,864.327880859375
1830,118,718.7320556640625
1846,118,158.29014587402344
2230,118,320.8190612792969
2279,118,112.75930786132812
724,119,924.875732421875
1742,119,1927.473388671875
2231,119,1009.6644897460938
2618,119,2160.71142578125
2927,119,3476.185546875
2108,120,268.46368408203125
2109,120,552.485107421875
2282,120,2835.85107421875
2517,120,2334.232666015625
2741,120,1398.464111328125
2782,120,2850.920654296875
3509,120,364.1079406738281
1236,121,1270.7794189453125
2661,121,3532.055419921875
2952,121,1479.791015625
3844,121,622.0115356445312
3995,121,465.1554260253906
3602,122,950.96875
81,123,670.8035888671875
1094,123,2177.152099609375
1527,123,144.28179931640625
1530,123,2025.1151123046875
2839,123,2070.51806640625
3735,123,1880.614501953125
212,124,2562.44775390625
1122,124,2766.558349609375
1235,124,117.3326416015625
1673,124,1863.3712158203125
1950,124,1615.244140625
2033,124,2162.9150390625
2676,124,817.5779418945312
114,125,2621.635009765625
2262,125,246.16087341308594
2304,125,526.813720703125
2385,126,1394.9326171875
3183,126,580.6741333007812
886,127,2219.182373046875
1448,127,1108.2816162109375
1796,127,1196.767333984375
2047,127,428.63873291015625
2524,127,693.2775268554688
1117,128,264.20928955078125
1125,128,105.30052947998047
1547,128,343.492431640625
1559,128,114.76433563232422
1955,128,1038.0596923828125
2107,128,273.8145751953125
2214,128,429.5425720214844
2452,128,114.99134826660156
2487,128,254.38304138183594
2761,128,263.2282409667969
2939,128,396.48968505859375
3140,128,246.62347412109375
3259,128,162.51788330078125
3751,128,289.47100830078125
3753,128,144.35488891601562
3819,128,260.8707580566406
327,129,116.86455535888672
1061,129,588.1351318359375
1449,129,3122.51171875
2684,129,7151.07568359375
2767,129,2061.619873046875
3157,129,2295.19287109375
3179,129,1298.8597412109375
3404,129,2312.42333984375
3669,129,326.3149108886719
1831,130,905.748291015625
897,131,165.05271911621094
1831,131,642.5702514648438
2365,131,862.7711791992188
3397,132,295.59222412109375
539,133,5453.2548828125
2068,133,261.1146545410156
2951,133,140.73704528808594
3206,133,683.5520629882812
3998,133,532.4243774414062
825,134,106.94499969482422
826,134,6667.515625
827,134,107.9007797241211
973,134,468.2550048828125
3451,134,343.61102294921875
916,135,903.490234375
1627,135,492.28460693359375
1628,135,121.14291381835938
3726,135,1049.2066650390625
1042,136,1264.1507568359375
1213,136,673.9721069335938
1838,136,2129.0751953125
2254,136,608.6633911132812
2399,136,3453.414794921875
2495,136,732.5731201171875
2782,136,290.033203125
2798,137,2099.882568359375
3337,137,3773.39501953125
127,138,2871.400146484375
41,139,248.92349243164062
1614,139,698.5025634765625
2403,139,559.346923828125
2696,139,238.6047821044922
3187,139,6298.3232421875
3849,139,1180.156494140625
1240,140,964.1912231445312
1925,140,2120.20947265625
2442,140,4034.5849609375
2850,140,1676.3172607421875
3269,140,614.1339111328125
3914,140,2176.9248046875
626,141,1413.5694580078125
995,141,3887.69580078125
2079,141,7957.00341796875
2290,141,2104.563232421875
2505,141,698.3438110351562
2988,141,1254.9676513671875
3709,141,618.5704345703125
3852,141,646.1735229492188
716,142,1340.9417724609375
845,142,1425.977783203125
1253,142,2007.9381103515625
2204,142,2516.45947265625
2281,142,743.949462890625
2854,142,1762.926025390625
829,143,567.3129272460938
1257,143,350.9187316894531
1481,143,734.2332153320312
2044,143,559.9304809570312
2169,143,980.0560302734375
2544,143,841.27099609375
877,144,337.8262023925781
2083,144,495.7121276855469
173,145,998.2833251953125
1999,145,1447.465087890625
2273,145,4098.1767578125
2331,145,3211.77978515625
3228,145,3430.164794921875
384,146,1416.683837890625
2539,146,1597.325439453125
3191,146,1440.49609375
182,147,3578.050048828125
866,147,215.09165954589844
1510,147,2918.95703125
1664,147,122.39299011230469
3024,147,146.58502197265625
3981,147,213.29449462890625
1508,148,511.4384765625
2223,148,1326.7615966796875
2468,148,2013.6583251953125
2917,148,707.7042846679688
2924,148,366.9689025878906
3208,148,388.00872802734375
791,149,2632.718017578125
1130,149,2570.773681640625
1481,149,2315.0595703125
2090,149,5004.02783203125
2226,149,2271.910888671875
3039,149,2066.646240234375
3568,149,7444.8193359375
1192,150,510.2977600097656
1331,150,619.7640380859375
2323,150,605.2922973632812
2532,150,2907.484375
3703,150,1339.7752685546875
1077,151,940.7279052734375
1194,151,412.9988708496094
2911,151,224.134521484375
3015,151,887.16796875
3703,151,2541.2431640625
3707,151,1850.228271484375
187,152,540.0613403320312
386,152,926.0337524414062
1652,152,1437.988525390625
2325,152,1655.4071044921875
470,153,1881.7042236328125
487,153,192.40774536132812
1721,153,1646.125
2716,153,2772.681396484375
3117,153,1471.5048828125
3140,153,826.530029296875
3689,153,2069.244873046875
470,154,168.15003967285156
1671,154,861.2578125
2046,154,142.40682983398438
2668,154,1149.2916259765625
3135,154,393.07574462890625
3356,154,2126.404296875
3950,154,1999.6749267578125
2098,155,646.498291015625
2370,155,513.15625
2719,155,1892.615966796875
1402,156,1673.058837890625
1426,156,190.94418334960938
2370,156,472.5013732910156
2371,156,948.8037109375
3501,156,1059.0712890625
3937,156,1377.0634765625
3959,156,585.129638671875
674,157,654.9229125976562
733,157,992.3566284179688
783,157,2953.43115234375
1029,157,1267.6141357421875
1097,157,1212.7144775390625
1684,157,686.7669677734375
2427,157,288.79852294921875
2942,157,701.374755859375
643,158,975.2559204101562
1097,158,1252.72900390625
1607,158,185.16392517089844
2257,158,2478.333984375
2258,158,561.896484375
2334,158,4966.00390625
2764,158,2143.75
1233,159,1859.717529296875
2334,159,100.1023178100586
169,160,3768.594482421875
893,160,826.5084228515625
1364,160,1133.56787109375
1734,160,3106.173095703125
2451,160,820.4375610351562
470,161,103.68464660644531
471,161,6771.8095703125
859,161,181.82066345214844
1413,161,920.6486206054688
2417,161,400.6695861816406
3206,161,222.76516723632812
3576,161,1150.421142578125
3844,161,969.2269287109375
810,162,1983.6129150390625
1692,162,724.0452270507812
1936,162,1995.8968505859375
1937,162,3093.260009765625
2009,162,4057.220458984375
3409,162,552.0712280273438
277,163,1892.4600830078125
1699,163,4070.91162109375
1700,163,114.56495666503906
2941,163,3258.111083984375
1111,164,1659.2646484375
1156,164,479.9422607421875
1797,164,680.9738159179688
3210,164,1109.558837890625
3967,164,703.1179809570312
349,165,6403.19140625
420,165,258.01849365234375
1699,165,4836.75390625
1700,165,287.386474609375
1810,165,914.2907104492188
2565,165,564.2404174804688
3016,165,1132.1192626953125
3215,165,495.0229797363281
3363,165,855.0367431640625
1206,166,4263.69189453125
1741,166,251.93202209472656
1797,166,3677.55810546875
2566,166,5787.24072265625
1357,167,233.79299926757812
2441,167,2920.59814453125
3378,167,209.1181182861328
1430,168,274.6628723144531
2061,168,1322.1771240234375
2557,168,3282.05029296875
3951,168,3532.78076171875
1430,169,306.07196044921875
1715,169,2321.284423828125
1843,169,1205.7159423828125
1922,169,659.2305908203125
1976,169,2435.522705078125
2045,169,1357.5186767578125
2117,169,399.8415222167969
2223,169,120.5925064086914
2462,169,1443.6002197265625
2577,169,839.1317749023438
2738,169,8478.3203125
2787,169,655.5834350585938
3561,169,3644.802978515625
1456,170,547.9502563476562
2957,170,101.67473602294922
3154,170,2811.315673828125
3326,170,1572.7537841796875
233,171,1141.2733154296875
1787,171,6832.5859375
2154,171,301.4859924316406
2350,171,3285.357666015625
3124,171,3322.22021484375
3125,171,174.80838012695312
4024,171,128.3249053955078
1790,172,1490.785888671875
2522,172,1780.603515625
2770,172,895.8602905273438
1186,173,2525.29736328125
1344,173,1361.6268310546875
2261,173,1613.3997802734375
2509,173,1201.8004150390625
2532,173,640.9375610351562
1408,174,1963.186279296875
2577,174,1537.6385498046875
174,175,2067.457275390625
2891,175,1278.9639892578125
3472,175,2991.97802734375
4023,175,1173.496826171875
952,176,2223.186279296875
953,176,2346.4228515625
2694,176,3450.3974609375
2765,176,334.7461853027344
3205,176,859.80859375
3279,176,1364.0306396484375
1547,177,2088.966552734375
2061,177,620.5029296875
3116,177,243.4003143310547
1339,178,703.2403564453125
3253,178,415.7003173828125
115,179,812.8580932617188
2334,179,1664.2108154296875
2362,179,1170.2816162109375
2883,179,4449.26904296875
3858,179,411.36029052734375
366,180,937.942626953125
1682,180,1714.8389892578125
2535,180,465.2454528808594
2753,180,2308.962646484375
3423,180,1038.1956787109375
231,181,1344.6639404296875
813,181,1029.39404296875
3428,181,1090.107666015625
3618,181,2195.35693359375
1869,182,1707.74755859375
3083,182,291.83349609375
3431,182,1116.392333984375
239,183,2715.986083984375
1027,183,444.42852783203125
1204,183,812.2894287109375
3807,183,714.8665161132812
1553,184,756.3859252929688
2319,184,3634.511962890625
2574,184,1352.552978515625
384,185,933.0541381835938
423,185,1677.67919921875
547,185,2467.14208984375
2707,185,102.1787109375
3890,185,667.6673583984375
1435,186,1036.0335693359375
2133,186,965.5077514648438
2619,186,119.55548095703125
2708,186,216.3866729736328
3434,186,1981.2735595703125
1506,187,1784.71533203125
3679,187,1837.5626220703125
572,188,5517.4287109375
1084,188,1960.9251708984375
2142,188,1319.515869140625
2321,188,8048.3974609375
2710,188,1758.17724609375
2776,189,741.2191162109375
3270,189,1504.7508544921875
3271,189,150.4891815185547
1801,190,444.38421630859375
2425,190,612.5081787109375
3539,190,1252.5081787109375
704,191,1240.8834228515625
1910,191,973.3948364257812
2196,191,129.41519165039062
2318,191,347.1123962402344
2980,191,1767.5352783203125
3186,191,181.59994506835938
2068,192,374.7171936035156
2675,192,668.17529296875
3186,192,241.57164001464844
2191,193,1106.325439453125
2791,193,1481.6396484375
3360,193,2468.097412109375
165,194,2012.1817626953125
463,194,2741.88232421875
1913,194,2246.8837890625
2604,194,3500.19287109375
2615,194,4090.7978515625
3944,194,180.3937530517578
108,195,272.57354736328125
1348,195,2628.8427734375
2334,195,2173.7451171875
2527,195,437.8791809082031
2620,195,1581.9176025390625
2940,195,746.9061889648438
1484,196,2006.76123046875
2310,196,3387.342529296875
2607,196,835.5848999023438
2833,196,2853.06787109375
1714,197,1615.013671875
1955,197,2100.292724609375
2110,197,653.8945922851562
2155,197,3582.126708984375
2618,197,568.5941162109375
2664,197,2782.501708984375
3061,197,2117.60791015625
3117,197,716.3905639648438
548,198,178.86737060546875
688,198,814.1068725585938
1700,198,168.04832458496094
2156,198,494.4854431152344
954,199,338.2389221191406
2731,199,375.4967956542969
3243,199,1745.7569580078125
3255,199,1303.8104248046875
3578,199,397.3886413574219
852,200,2788.669677734375
1237,200,287.0389404296875
2997,200,459.693115234375
3344,200,2846.699951171875
541,201,1546.0245361328125
1222,201,2254.36962890625
1901,201,298.0441589355469
2728,201,685.1925659179688
3248,201,1095.0531005859375
2488,202,3455.26171875
2673,202,2339.514892578125
2757,202,1946.9508056640625
2784,202,2365.885009765625
2785,202,1586.75146484375
2787,202,2389.14697265625
2792,202,1138.4091796875
2977,202,2474.769775390625
954,203,115.92652893066406
1181,203,156.6693878173828
2736,203,167.11810302734375
2758,203,517.8150634765625
2778,203,3804.04833984375
3592,203,1267.3077392578125
3803,203,989.6039428710938
219,204,168.6495361328125
402,204,1207.0308837890625
1758,204,3022.697265625
1760,204,2987.79296875
2058,204,648.5944213867188
2671,204,2257.50537109375
2672,204,4735.88037109375
2760,204,575.4415893554688
2782,204,233.79998779296875
3368,204,1724.05419921875
2035,205,336.7081604003906
2492,205,645.8091430664062
2591,205,134.46031188964844
2667,205,632.5631713867188
2669,205,1156.1939697265625
2718,205,1335.053466796875
2720,205,305.7535400390625
2772,205,3421.875
2780,205,2467.006591796875
2785,205,519.30029296875
2833,205,185.97134399414062
2834,205,623.7927856445312
2835,205,2793.050048828125
2836,205,1894.8433837890625
2841,205,3237.92626953125
2848,205,3959.1630859375
2852,205,220.68289184570312
2862,205,2729.56298828125
2863,205,117.47218322753906
2891,205,3168.939453125
651,206,983.3449096679688
1835,206,2366.900390625
2379,206,354.2189025878906
2589,206,2364.520263671875
2619,206,1541.173583984375
2620,206,2195.154052734375
2691,206,3570.872314453125
2698,206,3927.892333984375
2700,206,1735.7255859375
2705,206,5107.35595703125
2706,206,193.0997314453125
2727,206,387.2893981933594
2728,206,1386.8526611328125
2729,206,5315.61376953125
2773,206,1864.506103515625
2774,206,1516.8812255859375
2776,206,3033.667236328125
2777,206,562.1654663085938
2788,206,3708.685791015625
2794,206,4066.677978515625
2819,206,3638.9150390625
2864,206,266.3462829589844
2865,206,5512.7587890625
2869,206,702.7467041015625
2874,206,101.62731170654297
3134,206,954.1669921875
3395,206,1500.1563720703125
3813,206,1277.06494140625
1886,207,2608.0087890625
2463,207,487.97528076171875
2551,207,1757.3223876953125
2651,207,1464.186279296875
2666,207,131.83018493652344
2667,207,1788.6519775390625
2669,207,3195.689208984375
2699,207,3585.302490234375
2700,207,437.1080017089844
2701,207,245.01597595214844
2704,207,519.0360107421875
2705,207,5005.63720703125
2706,207,231.02609252929688
2709,207,140.54403686523438
2711,207,992.3666381835938
2715,207,102.89684295654297
2716,207,2925.71826171875
2753,207,1399.91748046875
2759,207,294.8873291015625
2804,207,4190.1923828125
2809,207,122.34444427490234
2820,207,1803.77978515625
2821,207,238.63412475585938
2828,207,232.93661499023438
2878,207,1616.3892822265625
2883,207,378.8370056152344
2892,207,1313.389404296875
2893,207,1320.6719970703125
2894,207,1336.2581787109375
2895,207,1324.39697265625
2896,207,1327.0660400390625
3065,207,1022.96533203125
3074,207,3522.025390625
3678,207,2538.017822265625
24,208,2945.852783203125
2623,208,1304.942626953125
2625,208,386.49346923828125
2627,208,690.199462890625
2652,208,2458.6123046875
2687,208,508.65692138671875
2714,208,1301.663330078125
2749,208,4565.5107421875
2750,208,4754.59814453125
2810,208,303.9422912597656
2864,208,105.28305053710938
2866,208,4630.7646484375
2877,208,2219.5537109375
2895,208,2007.051513671875
2896,208,252.77882385253906
2901,208,181.4195098876953
2902,208,125.97411346435547
2904,208,584.5780639648438
2951,208,454.9046936035156
2952,208,471.79205322265625
2953,208,313.0166015625
2954,208,303.0250244140625
2955,208,285.36370849609375
2956,208,277.8826904296875
2957,208,305.7046813964844
2958,208,325.4815673828125
2959,208,489.1774597167969
2966,208,117.77301788330078
3430,208,1990.088623046875
909,209,347.76190185546875
2245,209,882.359619140625
2542,209,5082.62841796875
2579,209,3258.5537109375
2580,209,1112.7940673828125
2661,209,158.3037872314453
2662,209,2627.94287109375
2663,209,3924.25146484375
2664,209,1222.5513916015625
2832,209,4340.9150390625
2858,209,5694.36572265625
2859,209,728.7847290039062
2860,209,785.3455810546875
2862,209,320.1948547363281
2863,209,2190.00927734375
2872,209,891.9281005859375
2879,209,935.1264038085938
2887,209,1538.4149169921875
2901,209,3708.037353515625
2907,209,1048.824951171875
2950,209,398.81585693359375
2951,209,286.9959411621094
2952,209,279.2953796386719
2953,209,219.7952423095703
2954,209,283.9512939453125
2955,209,239.31857299804688
2956,209,257.10400390625
2957,209,281.3020324707031
2958,209,182.6820068359375
2959,209,159.85391235351562
2960,209,128.05191040039062
2961,209,108.9128189086914
2962,209,103.39221954345703
326,210,2844.00537109375
1115,210,1779.4927978515625
2037,210,2625.496337890625
2437,210,364.3739013671875
2444,210,3727.33837890625
2505,210,3485.082275390625
2506,210,1384.3564453125
2507,210,2391.575927734375
2508,210,3773.994384765625
2520,210,2467.55517578125
2548,210,117.9203109741211
2570,210,255.50015258789062
2571,210,4341.28857421875
2572,210,1338.709716796875
2579,210,1831.590087890625
2580,210,1366.744384765625
2581,210,4328.11279296875
2582,210,1753.1923828125
2583,210,2407.75
2584,210,142.260986328125
2586,210,1757.13037109375
2636,210,294.75006103515625
2935,210,1799.4012451171875
2936,210,2266.96923828125
2939,210,577.7383422851562
2950,210,351.68695068359375
2951,210,296.1219177246094
2952,210,317.09674072265625
2953,210,278.550537109375
2954,210,214.8880615234375
2955,210,121.04542541503906
2956,210,132.98995971679688
2957,210,174.85044860839844
2972,210,140.2618408203125
2976,210,256.9100036621094
2977,210,246.76779174804688
2978,210,290.4245910644531
2979,210,567.66162109375
2980,210,943.7872314453125
2981,210,963.2357177734375
2982,210,526.6279296875
2997,210,451.4795227050781
2998,210,1136.875244140625
2999,210,1269.842529296875
3000,210,1610.2159423828125
3002,210,899.6836547851562
3003,210,902.930419921875
3004,210,968.843505859375
3005,210,1329.7830810546875
3006,210,1341.828125
3007,210,1246.317626953125
3008,210,193.7681427001953
3009,210,193.36083984375
1099,211,2291.07470703125
1164,211,127.34117889404297
1493,211,1207.947998046875
2272,211,2642.38427734375
2438,211,8159.94140625
2473,211,1253.6580810546875
2500,211,1646.9814453125
2522,211,2961.303466796875
2524,211,790.9318237304688
2526,211,216.50601196289062
2532,211,2946.351806640625
2535,211,1174.04736328125
2536,211,263.931640625
2550,211,1737.65478515625
2551,211,1531.0701904296875
2555,211,126.29973602294922
2932,211,466.9994201660156
2950,211,2419.388671875
2951,211,1637.02880859375
2952,211,4387.26416015625
2953,211,314.4175109863281
2954,211,280.854248046875
2955,211,311.8778076171875
2956,211,248.71836853027344
2957,211,304.3409423828125
2958,211,330.2810974121094
2981,211,101.43341064453125
3000,211,151.71340942382812
3001,211,491.5549011230469
3002,211,1321.320068359375
3003,211,1329.0489501953125
3004,211,901.670654296875
3005,211,591.8726196289062
3006,211,831.1516723632812
3007,211,1288.3436279296875
3008,211,539.1939086914062
3009,211,681.2234497070312
3010,211,573.2390747070312
3011,211,507.0437316894531
3012,211,498.2591552734375
3013,211,832.6891479492188
3014,211,858.2311401367188
3015,211,2873.01513671875
3016,211,2058.630126953125
3017,211,1349.4696044921875
3018,211,1357.4246826171875
3019,211,1948.0145263671875
3020,211,2945.25537109375
3021,211,107.3151626586914
3022,211,5004.328125
3028,211,3342.52978515625
3030,211,1607.4168701171875
3045,211,140.32080078125
3056,211,465.05462646484375
1050,212,2953.36572265625
1637,212,997.2970581054688
2273,212,699.3928833007812
2473,212,850.70556640625
2544,212,842.9088134765625
2563,212,2147.954345703125
2564,212,3437.719482421875
2565,212,6013.17333984375
2566,212,1856.06982421875
2920,212,3483.29931640625
2936,212,1335.148193359375
2939,212,234.01397705078125
2940,212,1197.66796875
2944,212,1850.4288330078125
2956,212,283.6517639160156
2957,212,303.1254577636719
2958,212,279.956787109375
2959,212,297.218994140625
2960,212,253.23939514160156
2963,212,192.1345977783203
3006,212,166.0861053466797
3007,212,175.06503295898438
3008,212,201.79153442382812
3009,212,127.64466094970703
3010,212,202.0452423095703
3011,212,234.16500854492188
3012,212,256.9742126464844
3013,212,568.5132446289062
3014,212,340.3457946777344
3015,212,416.0237731933594
3016,212,558.04736328125
3017,212,2071.849609375
3018,212,1237.8507080078125
3019,212,2078.855712890625
3020,212,2100.267822265625
3021,212,517.344482421875
3022,212,114.26551818847656
3052,212,113.91583251953125
3154,212,295.0867614746094
564,213,402.4775085449219
1440,213,746.4220581054688
1569,213,1346.929931640625
2459,213,634.4284057617188
2460,213,281.15155029296875
2462,213,398.05072021484375
2466,213,2903.930419921875
2521,213,3155.46435546875
2541,213,3114.687744140625
2547,213,4138.802734375
2556,213,3340.55517578125
2935,213,2113.976318359375
2942,213,2341.66552734375
2950,213,3512.60107421875
2961,213,419.5321044921875
2962,213,187.7694091796875
2963,213,7676.67919921875
2964,213,135.37442016601562
3005,213,165.9864959716797
3016,213,224.51165771484375
3017,213,435.7032165527344
3018,213,102.11575317382812
3020,213,126.9024658203125
3063,213,627.78369140625
3064,213,2686.44873046875
3065,213,2692.56103515625
3066,213,2649.4365234375
3067,213,4308.39453125
3073,213,3195.296142578125
2459,214,1275.52978515625
2463,214,1157.2257080078125
2491,214,1429.960693359375
2518,214,4500.6123046875
2977,214,193.4105224609375
3004,214,824.9044799804688
3005,214,807.2408447265625
3006,214,824.1856079101562
3011,214,193.22906494140625
3014,214,221.66136169433594
3015,214,860.06005859375
3016,214,873.3193359375
3017,214,583.511474609375
3018,214,901.4110717773438
3066,214,1006.591796875
3067,214,3582.115234375
3068,214,2976.608154296875
3069,214,2786.437255859375
3070,214,275.4428405761719
3073,214,111.13378143310547
1688,215,166.09371948242188
2031,215,1388.68798828125
2228,215,969.1676025390625
2370,215,231.82395935058594
2450,215,1843.776611328125
2457,215,633.5965576171875
2459,215,1682.8363037109375
2460,215,589.3146362304688
2473,215,330.1768493652344
2474,215,230.65017700195312
2478,215,2582.189453125
2482,215,4646.150390625
2911,215,1316.580810546875
2994,215,135.7183380126953
3011,215,5717.39794921875
3012,215,595.9400634765625
3013,215,1659.962158203125
3067,215,342.7074279785156
3068,215,981.4302368164062
3069,215,317.3731384277344
3105,215,475.71612548828125
3469,215,2604.44091796875
614,216,2932.056640625
1274,216,1085.85107421875
1532,216,1539.277587890625
1724,216,1695.0770263671875
2180,216,284.5299377441406
2382,216,3681.195556640625
2410,216,250.30072021484375
2437,216,2159.477294921875
2450,216,369.0788269042969
2459,216,942.9495239257812
2460,216,2168.303955078125
2463,216,2487.474853515625
2466,216,459.6640319824219
2481,216,3715.855712890625
3040,216,1221.1229248046875
3041,216,1233.0272216796875
3042,216,683.4990234375
3044,216,1139.046630859375
3066,216,270.9955749511719
3067,216,1028.09814453125
3068,216,912.195068359375
3069,216,938.93798828125
3070,216,3615.6962890625
3071,216,169.72384643554688
3077,216,120.58834838867188
3115,216,818.893798828125
3120,216,181.5028076171875
3874,216,4110.208984375
936,217,982.5018920898438
1284,217,6287.2841796875
2121,217,528.1423950195312
2356,217,195.00033569335938
2357,217,116.75480651855469
2358,217,3589.32275390625
2380,217,1086.3946533203125
2391,217,721.18212890625
2395,217,1594.7545166015625
2398,217,2381.505615234375
2413,217,3106.373779296875
2414,217,1188.30810546875
3025,217,235.0011444091797
3032,217,158.49337768554688
3038,217,1200.4818115234375
3039,217,1197.4259033203125
3064,217,696.0911254882812
3065,217,931.742919921875
3066,217,806.6416625976562
3067,217,673.9235229492188
3068,217,642.1104125976562
3069,217,967.0122680664062
3071,217,1192.8280029296875
3073,217,229.6930694580078
3075,217,282.77984619140625
3080,217,743.5105590820312
1409,218,1638.3153076171875
2359,218,3701.96484375
2361,218,3399.742431640625
2362,218,6618.037109375
2363,218,753.7633056640625
2369,218,1302.4227294921875
2398,218,133.43789672851562
2425,218,485.65655517578125
3097,218,362.988525390625
3139,218,179.20428466796875
3171,218,591.7249755859375
247,219,1998.2554931640625
1823,219,566.1434326171875
2259,219,3488.588134765625
2318,219,2695.828125
2319,219,2765.934814453125
2320,219,2900.96923828125
2321,219,129.5155029296875
2393,219,536.8539428710938
2394,219,3788.716552734375
2487,219,1863.3973388671875
3096,219,364.02423095703125
3158,219,2208.088623046875
3164,219,4352.80859375
3360,219,2055.8046875
4030,219,310.51116943359375
280,220,887.3025512695312
977,220,172.6867218017578
1854,220,4344.07080078125
2257,220,110.35379028320312
2317,220,2774.85888671875
2318,220,2802.951904296875
2319,220,2247.6337890625
2320,220,2865.188232421875
2321,220,2902.171875
2322,220,2792.4345703125
2323,220,7060.25537109375
2566,220,862.0501708984375
2692,220,7335.6748046875
2794,220,2959.742919921875
2952,220,1624.168212890625
3096,220,147.11932373046875
3097,220,554.7528686523438
3098,220,391.2641296386719
3099,220,240.77980041503906
3100,220,107.8270034790039
3174,220,1250.1890869140625
3191,220,2196.9345703125
3194,220,2923.049072265625
3195,220,674.6965942382812
3196,220,707.6895141601562
3197,220,716.2861938476562
3199,220,2035.032958984375
3201,220,357.38720703125
3471,220,905.694091796875
3761,220,428.32098388671875
3762,220,162.7632598876953
3843,220,2605.7041015625
1284,221,2198.501953125
2318,221,2804.541259765625
2319,221,2837.339599609375
2320,221,2864.01513671875
2321,221,2901.5224609375
2322,221,3023.162841796875
2327,221,4950.6064453125
2328,221,248.15505981445312
2329,221,2260.426025390625
2330,221,294.7149658203125
2331,221,2627.576904296875
2332,221,794.48828125
2588,221,437.5337829589844
3097,221,172.71270751953125
3098,221,942.2229614257812
3099,221,1913.4964599609375
3100,221,3069.46923828125
3101,221,151.74600219726562
3128,221,142.1276092529297
3183,221,2535.369140625
3184,221,3734.5087890625
3185,221,5880.85986328125
3186,221,6083.15576171875
3187,221,4643.02978515625
3188,221,3025.94970703125
3204,221,146.6224822998047
3211,221,703.830810546875
3234,221,4977.7763671875
965,222,1274.896240234375
1845,222,798.3236694335938
2221,222,1970.1678466796875
3121,222,207.4645233154297
3128,222,4040.424560546875
3129,222,104.44685363769531
3217,222,445.6463317871094
712,223,982.7230224609375
2368,223,156.88133239746094
2413,223,1032.9761962890625
3129,223,154.7474365234375
3152,223,1922.4561767578125
3177,223,143.68545532226562
3181,223,537.848388671875
3224,223,404.7687683105469
3368,223,650.1610717773438
3417,223,789.6886596679688
3925,223,1076.5548095703125
348,224,1571.232421875
1482,224,5635.7080078125
2019,224,2143.03857421875
2188,224,1498.455078125
2234,224,158.29547119140625
2247,224,4842.05908203125
2248,224,189.00186157226562
3156,224,254.5614013671875
3195,224,104.88999938964844
3237,224,305.0665283203125
3238,224,992.49853515625
3239,224,871.06298828125
3240,224,846.8880004882812
3290,224,2363.09619140625
511,225,772.3812866210938
2237,225,958.2877807617188
2248,225,618.505126953125
3048,225,2367.13525390625
3193,225,1036.757080078125
3194,225,475.52886962890625
3195,225,3064.21728515625
3196,225,155.88218688964844
3244,225,112.21332550048828
3245,225,611.2986450195312
3353,225,1524.3653564453125
745,226,2129.293212890625
2103,226,1495.5885009765625
2194,226,1114.19921875
2223,226,4939.2900390625
2228,226,264.2001953125
2478,226,420.8514709472656
2763,226,682.7387084960938
3147,226,706.4898071289062
3253,226,537.3724975585938
3254,226,244.38291931152344
3255,226,163.50840759277344
3371,226,1987.2574462890625
3415,226,1042.4412841796875
3437,226,907.9298095703125
984,227,1754.5745849609375
1655,227,769.6150512695312
1802,227,1195.3680419921875
2103,227,1098.6278076171875
2196,227,4448.00830078125
3218,227,891.4505615234375
3260,227,170.11941528320312
3261,227,219.09619140625
3262,227,216.6101531982422
3263,227,216.01638793945312
3264,227,212.12155151367188
3265,227,232.080078125
3266,227,198.50404357910156
3267,227,189.13113403320312
3373,227,1991.49365234375
3514,227,164.9915313720703
3601,227,1439.244873046875
2198,228,545.1253051757812
2213,228,1708.669677734375
2214,228,2515.658203125
2215,228,1671.0860595703125
2228,228,4190.00439453125
2229,228,358.3185119628906
2232,228,1976.7657470703125
2848,228,6379.3330078125
2893,228,1564.558349609375
3228,228,178.14483642578125
3270,228,215.44297790527344
3433,228,683.2994384765625
1208,229,341.1485900878906
2209,229,2793.3408203125
2212,229,291.624755859375
3230,229,331.2673645019531
3233,229,168.03829956054688
3234,229,150.7074432373047
3379,229,2772.441650390625
604,230,325.4037170410156
2141,230,644.408935546875
2201,230,2758.858642578125
2383,230,3596.677490234375
3237,230,1864.2701416015625
3243,230,379.83709716796875
3290,230,1748.2774658203125
3291,230,2789.61474609375
3292,230,389.6897277832031
3429,230,1406.537841796875
1158,231,1321.4261474609375
2226,231,951.8309326171875
3258,231,1654.7930908203125
3259,231,398.0130920410156
3302,231,2333.259033203125
3303,231,185.23228454589844
3523,231,1055.0997314453125
650,232,785.3925170898438
915,232,265.8450927734375
1806,232,1393.52001953125
2137,232,172.78050231933594
2166,232,574.7506713867188
2169,232,774.8826904296875
3380,232,194.4327392578125
3428,232,2334.8583984375
1490,233,3043.406982421875
1582,233,301.426513671875
1669,233,355.56134033203125
2135,233,3351.44921875
2140,233,1236.61181640625
2141,233,119.80878448486328
2144,233,754.1160888671875
2149,233,523.2659912109375
2150,233,5244.29541015625
2173,233,6111.61767578125
2229,233,2589.2041015625
2443,233,1082.16455078125
2487,233,3772.857177734375
3242,233,1120.77685546875
3277,233,295.7213134765625
3292,233,217.86386108398438
3321,233,928.7009887695312
3322,233,3000.05810546875
64,234,2370.644287109375
166,234,730.0405883789062
331,234,1918.67333984375
1754,234,1937.4969482421875
1873,234,3758.3193359375
2107,234,578.1114501953125
2150,234,140.2499237060547
2152,234,820.6158447265625
2155,234,2554.605224609375
2160,234,357.8571472167969
2162,234,2617.510009765625
2164,234,1419.0069580078125
2997,234,2560.47607421875
3314,234,2228.06396484375
3322,234,164.1457977294922
3334,234,1128.039306640625
2111,235,226.23487854003906
2154,235,3641.82080078125
2442,235,1247.5335693359375
2585,235,261.5807800292969
2998,235,1096.3988037109375
2999,235,112.06697845458984
3055,235,3579.779541015625
3297,235,2014.4052734375
3336,235,632.8165283203125
3344,235,997.183837890625
75,236,214.5123748779297
1039,236,5503.06787109375
1848,236,1102.217529296875
2112,236,777.4966430664062
2113,236,930.0947265625
2114,236,728.7036743164062
2122,236,5689.66455078125
2129,236,3804.510986328125
2150,236,130.35641479492188
2401,236,627.7804565429688
3307,236,100.34819793701172
3311,236,1238.934326171875
3336,236,144.0390167236328
3385,236,973.0257568359375
153,237,1825.9105224609375
1012,237,2144.021484375
1936,237,1622.681396484375
2063,237,2228.983154296875
2112,237,309.1771545410156
2113,237,1457.6063232421875
2127,237,3203.51708984375
2137,237,5294.94677734375
2138,237,872.270263671875
2139,237,2562.009521484375
2140,237,465.4593505859375
2149,237,101.7461929321289
2150,237,3323.191650390625
2436,237,1018.3643798828125
3317,237,2599.314453125
3327,237,2386.738525390625
3357,237,5021.47802734375
3372,237,3034.826416015625
3435,237,3079.44287109375
3800,237,761.752685546875
35,238,1226.185546875
589,238,300.35931396484375
1060,238,609.8284912109375
2105,238,113.56099700927734
2129,238,1100.0723876953125
2130,238,127.95645904541016
2131,238,1432.9207763671875
2132,238,2002.13427734375
3062,238,2036.4588623046875
3324,238,232.14332580566406
3325,238,4181.5009765625
3327,238,3883.285888671875
3376,238,1143.41162109375
3378,238,4772.89306640625
3423,238,1441.22119140625
3424,238,1756.6273193359375
3425,238,1754.8880615234375
3426,238,3159.36572265625
3427,238,7039.95263671875
3428,238,113.97895050048828
3840,238,766.1883544921875
289,239,258.92755126953125
1964,239,1954.42822265625
2085,239,420.2034912109375
2086,239,2658.75634765625
2087,239,3582.560791015625
2091,239,2174.92041015625
2092,239,5133.46435546875
2093,239,129.828857421875
2094,239,1638.008544921875
2096,239,593.3662719726562
2097,239,3319.970947265625
2098,239,226.23516845703125
2099,239,1059.0233154296875
2100,239,588.902587890625
2101,239,272.80291748046875
2102,239,2670.879638671875
2104,239,1325.9600830078125
2105,239,2844.188720703125
2106,239,403.6961975097656
2112,239,777.79931640625
2115,239,2650.61865234375
2116,239,2617.81298828125
2669,239,180.26820373535156
3197,239,1058.3291015625
3367,239,248.11318969726562
3390,239,4964.431640625
3391,239,5054.5859375
3392,239,5105.97314453125
3393,239,5119.85546875
3394,239,5156.6083984375
3420,239,870.5033569335938
3421,239,859.25390625
3422,239,267.654541015625
3426,239,1084.3958740234375
3817,239,848.8267822265625
2119,240,342.1016540527344
2121,240,688.2345581054688
2122,240,357.3273010253906
2123,240,2414.27587890625
2612,240,1443.43994140625
3360,240,281.7193603515625
3378,240,109.2458724975586
3406,240,3104.61376953125
3420,240,1551.5723876953125
3421,240,1321.836669921875
3422,240,355.3641052246094
3423,240,339.0277099609375
3425,240,1304.998291015625
3559,240,956.4076538085938
1095,241,993.64306640625
1111,241,860.514892578125
1817,241,1171.9996337890625
2102,241,2234.821044921875
3141,241,2152.392333984375
3177,241,1629.17529296875
3284,241,1666.1336669921875
3390,241,1501.6474609375
3416,241,120.105224609375
3417,241,5321.3955078125
3427,241,764.4615478515625
3792,241,1261.1630859375
1004,242,129.87892150878906
1612,242,142.14501953125
2068,242,177.4982452392578
2069,242,1845.5460205078125
2071,242,1486.90478515625
2072,242,6689.833984375
2073,242,111.71675109863281
2076,242,2981.2490234375
2077,242,554.7138671875
3042,242,2349.392578125
3376,242,109.78465270996094
363,243,3181.73046875
880,243,1019.53759765625
2960,243,2125.909423828125
3370,243,1685.745849609375
3380,243,295.7839050292969
3434,243,973.7423706054688
3435,243,295.9854431152344
3439,243,340.150146484375
3656,243,1130.3001708984375
3979,243,1043.858642578125
286,244,148.18865966796875
1611,244,3073.22998046875
1952,244,4788.525390625
2644,244,210.37841796875
3386,244,219.26168823242188
3402,244,3005.1875
3418,244,1046.2047119140625
3436,244,546.9305419921875
3437,244,624.3281860351562
3438,244,461.1377258300781
3439,244,392.49609375
219,245,162.66110229492188
936,245,5877.87939453125
937,245,157.46365356445312
3412,245,1737.49365234375
3425,245,169.8507080078125
3427,245,2834.161376953125
3429,245,2479.6298828125
3436,245,644.1792602539062
3437,245,676.4632568359375
3438,245,496.88934326171875
3439,245,619.8158569335938
3440,245,445.4964294433594
3441,245,364.3930969238281
3442,245,190.89430236816406
3451,245,4531.3984375
3881,245,177.7808380126953
180,246,2715.56201171875
1283,246,1610.8162841796875
1284,246,1736.0919189453125
2024,246,2682.9423828125
2025,246,1594.372314453125
2026,246,1610.490966796875
2027,246,1714.7130126953125
2031,246,901.7417602539062
2032,246,3789.748046875
2050,246,231.0113525390625
2054,246,2345.75927734375
2055,246,2609.47802734375
2056,246,145.83200073242188
2057,246,612.6278076171875
2058,246,1551.2418212890625
2846,246,1725.532958984375
3139,246,2088.7568359375
3291,246,718.7450561523438
3424,246,3730.5791015625
3434,246,1949.5260009765625
3437,246,1131.0699462890625
3438,246,694.5816040039062
3439,246,501.6615295410156
3568,246,2416.189208984375
3624,246,731.4016723632812
1283,247,1571.15673828125
1284,247,1713.403564453125
1950,247,1099.4312744140625
2024,247,1504.6328125
2025,247,1549.6802978515625
2026,247,1567.2315673828125
2027,247,1388.179443359375
2030,247,149.07749938964844
2333,247,133.04029846191406
2367,247,1121.44873046875
2894,247,1699.614990234375
3017,247,277.13018798828125
3421,247,2349.066162109375
3427,247,1488.6788330078125
603,248,545.4382934570312
1104,248,963.9539794921875
2070,248,1879.15185546875
3421,248,528.0680541992188
3425,248,1849.4031982421875
3451,248,331.43701171875
3456,248,998.232421875
3473,248,192.7881317138672
3474,248,4177.732421875
3483,248,1251.46826171875
3510,248,1144.8314208984375
836,249,161.57830810546875
868,249,1631.190185546875
974,249,1784.18310546875
1977,249,966.7274780273438
1983,249,1344.314453125
1984,249,928.5978393554688
1985,249,940.2322387695312
3427,249,152.2189178466797
538,250,485.30194091796875
539,250,489.6859436035156
595,250,807.9192504882812
1981,250,1337.79833984375
1982,250,953.1427001953125
1983,250,898.5799560546875
1984,250,939.0094604492188
1985,250,976.4242553710938
1986,250,838.863037109375
1987,250,968.880859375
1988,250,1428.5968017578125
1989,250,1341.025390625
1994,250,1607.926513671875
2212,250,1474.1138916015625
3455,250,2150.263427734375
3462,250,1167.00048828125
3486,250,4850.22412109375
3615,250,1781.9241943359375
3659,250,1927.15576171875
79,251,1122.362548828125
262,251,2599.165771484375
360,251,263.4184875488281
1981,251,1432.68701171875
1982,251,893.9181518554688
1983,251,412.6930847167969
1984,251,251.0937957763672
1985,251,405.6740417480469
1986,251,1007.3484497070312
1987,251,880.1060791015625
1988,251,703.058837890625
1989,251,1435.0316162109375
1990,251,1423.618896484375
1991,251,296.77056884765625
1992,251,287.8922424316406
2790,251,942.2222290039062
2936,251,794.3817749023438
3131,251,1934.16259765625
3425,251,682.404296875
3484,251,567.57958984375
793,252,2456.85302734375
1704,252,1718.42236328125
1971,252,718.9612426757812
1981,252,257.82086181640625
1982,252,793.4403686523438
1983,252,868.9506225585938
1984,252,1463.7852783203125
1985,252,934.4312744140625
1986,252,907.704345703125
1987,252,863.4853515625
1988,252,793.01123046875
1989,252,1414.0157470703125
1990,252,1445.476806640625
2356,252,6147.27392578125
1956,253,4196.642578125
1967,253,1309.1534423828125
1968,253,2222.448486328125
1969,253,1571.167724609375
1970,253,3134.303466796875
1982,253,123.10064697265625
1983,253,895.2645874023438
1984,253,918.2426147460938
1985,253,834.0885009765625
1986,253,865.1281127929688
1987,253,362.87286376953125
1988,253,178.741943359375
2490,253,181.7404022216797
2996,253,2450.445556640625
3798,253,412.6643981933594
358,254,1045.1507568359375
1027,254,1162.4122314453125
1138,254,115.43706512451172
1488,254,3706.221923828125
1900,254,826.8975830078125
3254,254,3911.773193359375
3449,254,890.4404296875
3470,254,515.2403564453125
3526,254,1303.19091796875
515,255,1812.7247314453125
665,255,112.0093994140625
1025,255,652.8040771484375
1246,255,1178.5203857421875
2102,255,778.4354858398438
2543,255,1919.1168212890625
2624,255,686.3113403320312
3929,255,1284.400634765625
1229,256,1276.814453125
1631,256,1534.35498046875
3313,256,797.0007934570312
3700,256,1690.2618408203125
1904,257,2089.146240234375
3759,257,464.34161376953125
3901,257,3390.3681640625
346,258,464.5074768066406
1409,258,899.8233032226562
1906,258,820.2308349609375
1907,258,857.8203125
1908,258,891.397705078125
1909,258,955.6736450195312
1910,258,1039.716796875
1913,258,316.5843811035156
2233,258,517.5408935546875
2573,258,3538.62548828125
2761,258,1186.62109375
3019,258,1066.7255859375
412,259,1919.3140869140625
915,259,560.6624755859375
1906,259,1660.2841796875
1907,259,1086.0096435546875
1909,259,431.951171875
1910,259,920.4186401367188
1911,259,5450.91259765625
1915,259,425.5175476074219
1916,259,1734.3531494140625
1917,259,1798.4345703125
1918,259,1136.80126953125
2663,259,834.0979614257812
2664,259,889.545654296875
2665,259,914.8527221679688
3306,259,2286.2568359375
3819,259,1044.288818359375
952,260,1692.9918212890625
1089,260,126.92859649658203
2663,260,836.5064086914062
2664,260,915.8193359375
2665,260,900.7944946289062
1613,261,364.8716125488281
2794,261,1441.48583984375
3325,261,2331.0205078125
3885,261,2606.94580078125
87,262,1401.196044921875
371,262,3718.020751953125
2052,262,3686.592529296875
2143,262,1185.20361328125
2516,262,1392.3228759765625
3188,262,236.93260192871094
1531,263,1702.8221435546875
2342,263,603.1690063476562
1713,264,1278.007080078125
13,265,1360.634521484375
3297,265,605.2988891601562
3311,265,246.9220733642578
3830,265,1435.7353515625
1866,266,810.567138671875
2029,266,3124.02294921875
3831,266,702.0313720703125
3944,266,660.0409545898438
313,267,2328.452880859375
1141,267,890.6650390625
1271,267,3565.01806640625
2175,267,2153.12353515625
2756,267,623.1871337890625
721,268,1332.765380859375
2496,268,1510.2303466796875
2654,268,1741.9576416015625
3058,268,2129.92919921875
3548,268,1827.2021484375
1842,269,2623.35888671875
1843,269,114.28939819335938
1846,269,2537.320556640625
1212,270,1166.8623046875
1398,270,1045.213623046875
3316,270,433.94659423828125
3442,270,1327.9903564453125
3679,270,1622.342529296875
2254,271,331.78448486328125
3184,271,1014.4739379882812
3440,271,3279.24462890625
2152,272,2429.771240234375
2234,272,269.07275390625
2894,272,2720.201416015625
2945,272,1177.8057861328125
3083,272,1544.1605224609375
3667,272,534.0186157226562
1072,273,1514.0828857421875
1143,273,1414.435791015625
1571,273,1304.091064453125
2053,273,1459.6182861328125
2055,273,748.5571899414062
2732,273,1951.7760009765625
3332,273,1698.3516845703125
739,274,218.7245635986328
1061,274,1212.540771484375
3508,274,3242.968994140625
2500,275,1913.277587890625
2665,275,1531.162841796875
433,276,2200.08544921875
2030,276,2566.303955078125
3163,276,239.51271057128906
3199,276,1088.649658203125
3480,276,2532.4931640625
1816,277,2028.4764404296875
2030,277,1476.0303955078125
2563,277,1427.244873046875
2967,277,299.13873291015625
2978,277,1097.2216796875
535,278,5128.14208984375
1154,278,1324.6688232421875
2852,278,2164.748046875
2909,278,1240.765625
3539,278,478.51025390625
3539,279,3377.12841796875
3856,279,1196.384765625
113,280,1641.6512451171875
319,280,2377.5205078125
515,280,1086.7109375
531,280,2629.54638671875
2591,280,2077.57763671875
3602,280,2573.042724609375
1289,281,1904.877197265625
2015,281,1319.4176025390625
2036,281,4448.59326171875
2089,281,1439.447021484375
3830,281,510.51788330078125
3704,282,1298.72314453125
3830,282,282.0404052734375
389,283,145.56640625
3635,283,279.6104431152344
3691,283,1126.7567138671875
606,284,1184.94970703125
1089,284,2178.662353515625
1459,284,2057.576171875
2518,284,3513.136474609375
2587,284,4614.86962890625
3536,284,1609.2403564453125
3662,284,686.439453125
1925,285,106.15155029296875
2078,285,1783.8497314453125
2519,285,2416.515380859375
3177,285,1848.4486083984375
33,286,2001.5499267578125
2995,286,3423.675537109375
3166,286,2328.50146484375
3935,286,2013.706298828125
930,287,2072.673583984375
1815,287,264.81494140625
2909,287,210.2359619140625
1295,288,1183.14892578125
2995,288,1656.6357421875
3684,288,650.3524169921875
729,289,1749.7249755859375
2100,289,1866.91259765625
2413,289,825.8656616210938
2422,289,1482.8548583984375
2655,289,632.3427124023438
3329,289,1358.3284912109375
3362,289,1977.3931884765625
3372,289,1827.2540283203125
3515,289,168.33929443359375
2095,290,1342.1368408203125
812,291,1885.5299072265625
865,291,1540.5084228515625
3325,291,2359.9619140625
656,292,1010.3639526367188
2206,292,2024.57958984375
2587,292,535.840087890625
2669,292,1079.7109375
3173,292,1965.4666748046875
3595,292,1112.8184814453125
1732,293,1039.7872314453125
299,294,913.023193359375
763,294,3108.931884765625
878,294,1677.786865234375
2119,294,481.8472900390625
2343,294,1507.9578857421875
638,295,2918.467041015625
1026,295,2016.6751708984375
2207,295,1837.0325927734375
368,296,2305.809326171875
3151,296,2520.125
3428,296,2290.582275390625
2260,297,1668.2423095703125
383,298,1818.9888916015625
647,298,715.800048828125
728,298,1270.992919921875
2591,298,3683.919677734375
2866,298,141.8515625
3192,298,2752.330810546875
523,299,2565.2451171875
912,299,440.2727355957031
951,299,2619.533447265625
2223,299,2256.97314453125
2264,299,307.5830993652344
3222,299,378.01177978515625
318,300,306.4438781738281
1388,301,3640.215576171875
2394,301,127.54505920410156
2537,301,1185.32470703125
2744,301,1153.6148681640625
3077,301,2571.778076171875
3248,301,3313.138427734375
3561,301,527.425048828125
1101,302,1732.5750732421875
3158,302,4141.771484375
453,303,2177.80859375
462,303,4538.072265625
2053,303,270.22698974609375
3526,303,1938.938720703125
1910,304,2429.7080078125
2315,304,1721.8978271484375
2395,304,4916.005859375
4028,304,1029.303955078125
544,305,550.658203125
2447,305,941.4817504882812
2606,305,974.541748046875
2713,305,2280.346435546875
2995,305,1703.3857421875
3267,305,2312.987060546875
1148,306,418.75762939453125
1721,306,871.4373779296875
2774,307,185.42652893066406
425,308,1928.1693115234375
1365,308,941.0288696289062
2822,308,2823.38037109375
524,309,228.8519287109375
2356,309,988.7101440429688
3248,309,2224.493408203125
58,310,194.41188049316406
1027,310,4087.77685546875
1358,310,385.3740539550781
2166,310,1496.646240234375
3005,310,1542.791015625
3370,310,112.5333480834961
991,311,925.6358642578125
992,311,935.9232177734375
3360,311,500.0968322753906
3361,311,2063.532470703125
1884,312,804.2725219726562
2462,312,1622.138427734375
3158,312,211.08218383789062
3509,312,148.8844451904297
560,313,210.9197998046875
3453,313,536.48828125
1005,314,595.2992553710938
1442,314,915.489013671875
1883,315,637.265869140625
1452,316,1261.2222900390625
1532,316,253.49111938476562
1788,316,1413.24609375
2940,316,1889.515869140625
912,317,2417.77587890625
2615,317,1136.1971435546875
2853,317,1625.4466552734375
2985,317,1374.366943359375
3401,317,1196.3192138671875
2615,318,1149.8416748046875
2785,318,639.7173461914062
3457,318,814.4758911132812
300,320,630.2251586914062
1918,320,1863.2431640625
1074,321,588.746337890625
3020,321,1487.970458984375
2162,322,940.1609497070312
2448,322,2029.59814453125
2835,322,669.720703125
3734,322,639.396728515625
3813,322,1725.7928466796875
3162,323,1770.89306640625
349,324,583.2930297851562
972,324,134.68243408203125
1178,324,1873.470947265625
1467,324,636.39453125
2103,324,119.06143951416016
2434,324,3387.484619140625
2612,324,1779.4637451171875
783,325,278.9097595214844
947,325,1220.6834716796875
1169,325,937.88037109375
2761,325,328.6080017089844
2859,325,508.18695068359375
3165,325,2195.99658203125
3229,325,2548.4609375
3470,325,1795.962646484375
1541,327,256.95440673828125
833,328,2747.620361328125
2535,328,759.1463623046875
2889,328,367.6058044433594
2947,328,1355.6328125
3199,328,1032.5970458984375
280,329,543.1203002929688
462,329,1546.150146484375
3573,329,138.39952087402344
3645,329,4205.65673828125
430,330,523.152099609375
621,330,1365.266357421875
1887,330,715.0008544921875
3723,330,1364.058349609375
214,331,2254.78173828125
2053,331,431.41790771484375
3123,331,355.3782653808594
529,332,4325.76123046875
530,332,2178.6416015625
351,333,1143.7203369140625
529,333,1330.8807373046875
530,333,2253.43994140625
1712,333,592.98388671875
1773,333,1987.65625
3415,333,457.6492919921875
3531,333,103.0165786743164
828,334,240.10345458984375
1427,334,1563.1650390625
2504,334,2293.90380859375
3133,334,184.01583862304688
226,335,981.7061157226562
1587,335,406.46832275390625
1672,335,132.9245147705078
2998,336,277.82244873046875
3920,336,478.07275390625
56,337,715.1015625
2746,337,286.85040283203125
3530,337,1368.1837158203125
655,338,3406.2060546875
1156,338,3202.6533203125
1553,338,2445.469970703125
295,339,813.9115600585938
623,339,2774.0849609375
1394,339,1121.9149169921875
2637,339,511.6811828613281
437,340,628.8805541992188
2417,340,344.4573974609375
2503,340,3233.01416015625
3309,340,1387.5323486328125
558,341,599.4495239257812
655,341,1749.515625
3219,341,245.60292053222656
2076,342,4260.78515625
2689,342,3040.86279296875
3089,342,3781.414306640625
452,343,896.8101196289062
1244,343,2103.983642578125
94,344,605.0870971679688
1122,344,961.5157470703125
1650,344,855.2899169921875
2615,344,903.7761840820312
2855,344,181.645751953125
3014,344,177.77520751953125
3142,344,456.7478942871094
3267,344,1321.052734375
3377,344,2303.053466796875
3565,344,1794.013916015625
3762,344,446.0512390136719
715,345,3520.326416015625
3123,345,259.74945068359375
3476,345,2066.721435546875
3992,345,497.58221435546875
1027,346,4182.9814453125
1144,346,1026.2078857421875
1316,346,663.8761596679688
1317,346,729.7294921875
1410,346,377.6348571777344
1608,346,2629.798095703125
1775,346,1415.1444091796875
2000,346,303.8879699707031
2418,346,1022.9019775390625
2531,346,474.5719299316406
3081,346,1112.4986572265625
3092,346,2562.8603515625
194,347,1749.2886962890625
1169,347,863.4430541992188
1280,347,442.62640380859375
1317,347,822.4800415039062
1319,347,459.05523681640625
3269,347,3038.056640625
1889,348,378.7127990722656
247,349,250.8573455810547
399,349,3283.94921875
1135,349,1405.222900390625
173,350,2391.63818359375
179,350,873.9111938476562
693,351,526.2328491210938
845,351,2005.6954345703125
2209,351,136.2905731201172
2353,351,609.7550659179688
2876,351,857.6432495117188
3147,351,1099.3890380859375
399,352,373.3688659667969
1176,352,2795.0966796875
1534,352,3538.432373046875
3394,352,298.2337951660156
3706,352,1252.3555908203125
674,353,534.6258544921875
1183,353,1955.029052734375
1497,353,368.962890625
3043,353,1001.303955078125
1497,354,1279.78466796875
1862,354,146.69839477539062
1863,354,583.1328125
3447,354,3024.471435546875
1400,355,2253.10302734375
1862,355,1133.4141845703125
1863,355,1224.291259765625
2363,355,2577.48095703125
166,356,830.4138793945312
626,356,305.842041015625
1862,356,179.8324432373047
1863,356,164.77737426757812
3552,356,180.6016845703125
464,357,2758.63232421875
1627,357,3338.534423828125
1859,357,196.81289672851562
500,358,786.1989135742188
2267,358,1276.7542724609375
791,359,802.2030029296875
2060,359,666.466552734375
3518,360,2675.42578125
3817,360,209.40403747558594
1947,361,679.6978759765625
298,362,3576.318359375
2193,362,128.17855834960938
1052,363,2214.141845703125
1237,363,1430.4267578125
1276,363,190.82546997070312
2002,363,883.2933349609375
2214,363,1721.51611328125
2816,363,1209.7784423828125
3040,363,108.62915802001953
381,364,891.6885986328125
2107,364,4054.617919921875
2182,364,1089.6749267578125
2182,365,4304.95703125
3264,365,626.8065185546875
3876,365,580.1525268554688
1158,366,133.8142852783203
1317,366,853.7236328125
1319,366,1382.7178955078125
1549,366,708.7625122070312
2219,366,1382.3900146484375
3151,366,655.5120849609375
3518,366,555.08837890625
727,367,283.4858093261719
1451,367,1176.9283447265625
1549,367,135.9209442138672
1560,367,1331.7586669921875
1855,367,4165.56103515625
3018,367,1723.4271240234375
3134,367,588.399169921875
3437,367,358.8851623535156
3484,367,1067.1103515625
3947,367,1382.61181640625
1403,368,1212.853759765625
1518,368,1137.532470703125
1519,368,1238.5960693359375
1819,368,1895.546142578125
3070,368,1087.643310546875
3460,368,2505.6923828125
3705,368,1466.5184326171875
911,369,103.22702026367188
1110,369,2290.573974609375
1193,369,2241.92822265625
1221,369,1546.5118408203125
1518,369,1160.5858154296875
1519,369,1123.86572265625
1880,369,1174.458251953125
2267,369,1253.1524658203125
2690,369,1211.2166748046875
2847,369,1194.874267578125
2277,370,1591.8946533203125
3682,370,1364.179931640625
328,371,151.04391479492188
1740,371,724.8507690429688
2462,371,830.5398559570312
2681,371,4262.8056640625
3252,371,825.3788452148438
3610,371,5836.88427734375
514,372,2371.20849609375
525,372,1996.3765869140625
596,372,1023.6326293945312
1102,372,1510.2703857421875
1576,372,1302.5150146484375
2259,372,1949.8304443359375
2354,373,311.0867004394531
3083,373,172.113037109375
3772,373,1025.272705078125
617,374,1151.0341796875
2278,374,575.8502197265625
495,375,2872.96435546875
2249,375,1949.909912109375
2627,375,764.2639770507812
3216,375,4403.29052734375
3401,375,551.1796875
3566,375,571.7155151367188
331,376,1937.1356201171875
1340,376,2347.0439453125
1389,376,727.6311645507812
1468,376,443.8403015136719
3516,376,351.1520690917969
1156,377,2371.630859375
1157,377,736.1358642578125
1454,377,901.3832397460938
1881,377,2601.150634765625
1991,377,3980.426025390625
2374,377,3112.60205078125
1391,378,1140.8558349609375
2585,378,369.8305969238281
2658,378,2131.082763671875
3258,379,634.880126953125
746,380,1117.245849609375
1902,380,834.4050903320312
2260,380,189.9910125732422
2265,380,3706.580810546875
2273,380,776.8705444335938
3291,380,598.7034912109375
2970,381,3102.49267578125
2976,381,1009.8556518554688
3189,381,3762.147705078125
1052,382,1122.8946533203125
2491,382,932.522216796875
3375,382,261.8471984863281
4051,382,1860.245849609375
1322,383,2269.7890625
3060,383,2296.254638671875
3205,383,319.8416748046875
3409,383,3089.725830078125
3419,383,707.7825927734375
1129,384,173.47286987304688
1975,384,278.49603271484375
2459,384,265.38623046875
2859,384,225.6668243408203
3107,384,1448.966796875
4001,384,291.29229736328125
1796,385,1531.9893798828125
1873,385,655.1923217773438
3564,385,998.3494262695312
99,386,1505.19580078125
521,386,187.28103637695312
566,386,1839.6231689453125
3152,386,2686.574462890625
28,387,160.0484161376953
838,387,866.0723876953125
1682,387,1151.04638671875
1946,387,1148.554443359375
2705,387,3011.705810546875
2496,388,960.9531860351562
2697,388,2997.780517578125
3492,388,812.7418823242188
1423,389,4420.3212890625
2645,389,825.1456909179688
3361,389,2814.618896484375
1334,390,254.0489501953125
1894,390,170.81338500976562
2949,390,1217.3914794921875
3601,390,496.8598327636719
646,391,951.8689575195312
1215,391,263.9784240722656
2661,391,138.8330535888672
3054,391,367.9958190917969
3056,391,176.00051879882812
3110,391,1413.3463134765625
3639,391,679.3018798828125
1430,392,1317.96630859375
2654,392,3392.551025390625
2698,392,199.51002502441406
3557,392,1188.545654296875
3558,392,1246.294189453125
214,393,1281.98193359375
486,393,2206.1181640625
884,393,2184.211669921875
1488,394,257.5135192871094
2263,394,3167.64208984375
2919,394,833.8751831054688
3298,394,1508.5140380859375
778,395,110.32432556152344
787,395,1961.566162109375
854,395,2329.6640625
1244,395,3514.6484375
1754,395,2809.57568359375
3278,395,526.8978881835938
893,396,1131.4296875
1613,396,1576.3489990234375
1939,396,413.88671875
3442,396,1475.0904541015625
1050,397,1237.4517822265625
1529,397,105.04755401611328
2527,397,777.21826171875
3193,397,3798.827392578125
733,398,571.3565063476562
1927,398,3486.57958984375
2147,398,4509.69384765625
3049,398,3190.650390625
1261,399,103.06430053710938
1980,399,2825.981689453125
2958,399,481.91790771484375
1824,400,1845.4583740234375
2285,400,780.37060546875
410,401,2052.56396484375
2762,401,1831.3585205078125
3196,401,545.1047973632812
3659,401,2366.602294921875
832,402,1435.142578125
1348,402,2922.18115234375
3227,402,865.534423828125
3809,402,1105.3931884765625
808,403,1430.0411376953125
809,403,1516.1844482421875
967,403,189.3373260498047
1397,403,4840.65087890625
2359,403,1980.5667724609375
492,404,1036.14306640625
1366,404,1709.8143310546875
165,405,1302.4697265625
575,405,626.4223022460938
1924,405,4967.634765625
683,406,1768.04248046875
1320,406,1228.43701171875
2625,406,890.5441284179688
3235,406,735.8146362304688
547,407,1858.8134765625
2710,407,1289.43310546875
3692,407,320.4620056152344
2802,408,174.21656799316406
3294,408,2740.586181640625
98,409,178.59039306640625
3355,409,636.4605712890625
3390,409,774.9843139648438
1874,410,1117.111328125
3084,410,2907.421630859375
475,411,300.6082763671875
1305,411,2624.60595703125
2110,411,3466.16650390625
2199,411,210.834716796875
2997,411,1155.7459716796875
3601,411,3532.887451171875
505,412,699.2865600585938
618,412,1219.18017578125
2237,412,1606.451416015625
2439,412,4524.4814453125
2664,412,1088.0006103515625
3886,412,772.6506958007812
619,413,2319.22900390625
1894,413,209.17013549804688
3139,413,3104.59033203125
3441,413,538.619140625
3712,413,1455.6192626953125
3902,413,635.6971435546875
51,414,5483.01171875
2761,414,1473.496826171875
3545,414,1045.1986083984375
4044,414,922.8046264648438
576,415,2765.673095703125
1318,415,1348.250732421875
1811,415,5401.56640625
2582,415,1410.98291015625
3792,415,1075.8017578125
1182,416,835.3598022460938
3707,416,319.8238220214844
445,417,1945.8896484375
1266,417,1427.1800537109375
2461,417,211.38523864746094
2671,418,670.9697875976562
3257,418,1036.9261474609375
479,419,1439.3895263671875
639,419,397.6069030761719
826,419,1376.1405029296875
2234,419,206.27328491210938
3843,419,1255.8006591796875
3949,419,1031.8348388671875
218,420,691.443115234375
3289,420,397.4548034667969
3796,420,1535.8807373046875
539,421,946.5064086914062
1027,421,808.2445678710938
1578,421,769.2877807617188
2322,421,3100.009033203125
2516,421,3541.431884765625
1195,422,1450.7535400390625
1751,422,118.58412170410156
2661,422,701.0491333007812
2774,422,268.480712890625
3075,422,916.958251953125
3255,422,677.5765380859375
3612,422,764.751953125
15,423,104.3400650024414
513,423,479.9864807128906
601,423,798.5589599609375
2034,423,786.074951171875
3006,423,144.07386779785156
3298,423,1698.427734375
1913,424,860.8118896484375
2652,424,602.658447265625
3242,424,2202.831298828125
3271,424,541.369140625
3589,424,595.5038452148438
3669,424,1407.1893310546875
593,425,978.5567626953125
2472,425,444.37139892578125
2954,425,606.9542846679688
3115,425,320.7666320800781
4077,425,2037.9178466796875
3271,426,646.3949584960938
3560,426,3029.87109375
1713,427,1535.3018798828125
3078,427,892.02587890625
3170,427,383.8110046386719
3591,427,128.29701232910156
884,428,131.0458526611328
1213,428,1885.590087890625
2194,428,1068.232421875
2200,428,757.0025634765625
1850,429,2322.207275390625
2419,429,1278.9835205078125
3805,429,1367.812744140625
1326,430,2235.507568359375
3933,430,1248.5714111328125
1187,431,2097.1689453125
1623,431,1530.22998046875
1763,431,1191.95751953125
2522,431,1434.7593994140625
2376,432,165.6663055419922
85,433,698.4866333007812
1472,433,1944.3057861328125
2057,433,2196.709228515625
2618,433,1470.3214111328125
3229,433,3195.894775390625
1483,434,1903.3309326171875
919,435,1325.5489501953125
944,435,741.3233642578125
2422,435,479.23455810546875
2554,435,2233.068603515625
3208,435,421.80389404296875
3319,435,1796.0677490234375
3534,435,2818.64599609375
90,436,684.2838745117188
2888,436,1916.3304443359375
3679,436,343.6990966796875
704,437,459.4886779785156
2250,437,2307.604736328125
2344,437,3001.52099609375
2915,437,1268.1444091796875
3058,437,158.49415588378906
3839,437,2879.63427734375
1372,438,2350.728759765625
1961,438,2336.326904296875
3634,438,2406.19287109375
2922,439,2681.461181640625
3531,439,237.71485900878906
4065,439,274.8556823730469
160,440,887.8307495117188
872,440,360.9588623046875
2196,440,358.2362060546875
2809,440,469.0268249511719
2919,440,2500.983154296875
3181,440,1116.7720947265625
3743,440,3870.79345703125
648,441,4617.7666015625
1149,441,332.86431884765625
1856,441,2382.55908203125
2496,441,1742.298095703125
3268,441,531.2531127929688
3126,442,2856.912109375
127,443,2348.6806640625
435,443,170.7356719970703
563,443,2184.40869140625
685,443,1008.1917724609375
921,443,1090.1522216796875
2307,443,160.8905487060547
2976,443,975.37841796875
3541,443,775.4268798828125
523,444,1056.138671875
4077,444,3049.395751953125
1958,445,871.3502197265625
3030,445,456.81591796875
3336,445,377.0296325683594
3440,445,2223.3212890625
3559,445,1608.8756103515625
1048,446,770.62841796875
1859,446,466.0830993652344
2345,446,463.1997375488281
51,447,1239.431884765625
436,447,2343.321044921875
2847,447,1951.65869140625
3275,447,3013.71435546875
1171,448,856.516845703125
2337,448,715.882080078125
3908,448,441.5645751953125
301,449,1015.9814453125
1048,449,297.9779357910156
1202,449,1023.3125
1709,449,2440.82958984375
2235,449,163.9906463623047
2469,449,4310.18701171875
733,450,473.51116943359375
1948,450,110.44922637939453
665,451,2231.5908203125
974,451,1412.63671875
2798,451,5004.53857421875
2799,451,165.31024169921875
3456,451,116.61497497558594
18,452,549.321533203125
1354,452,961.9681396484375
1424,452,2049.089111328125
2265,452,1912.396728515625
3066,452,706.721435546875
3252,452,2228.107177734375
299,453,1591.8585205078125
757,453,3368.30908203125
1035,453,2941.62060546875
1624,453,3183.271484375
2493,453,1934.9444580078125
3900,453,1060.400634765625
357,454,859.5824584960938
921,454,1291.845458984375
1149,454,1066.506591796875
2972,454,205.53024291992188
2973,454,758.0545654296875
1342,455,435.8351135253906
1767,455,2360.885986328125
2126,455,1240.133544921875
2513,455,1152.11083984375
2720,455,4008.771484375
3359,455,1430.38818359375
406,456,396.3183288574219
1145,456,2972.06884765625
1399,456,299.15118408203125
1621,456,113.38452911376953
2206,456,1553.5023193359375
2313,456,3096.2509765625
2404,456,2950.265869140625
3075,456,1468.4527587890625
3439,456,415.2879943847656
3579,456,1325.509033203125
3799,456,900.0224609375
744,457,487.87469482421875
3293,457,929.1266479492188
752,458,3709.28759765625
1484,458,863.169921875
2150,458,695.8115234375
3074,458,1486.6500244140625
3367,458,493.7814025878906
3491,458,1472.9404296875
3874,458,1825.441162109375
46,459,1260.727783203125
1634,459,2088.277099609375
2271,459,866.32470703125
3558,459,820.8424072265625
1842,460,556.4827270507812
1979,460,2935.0029296875
2940,460,355.4305114746094
144,461,451.9049987792969
1192,461,2458.97021484375
2291,461,1620.8099365234375
300,462,133.61282348632812
535,462,3187.583984375
1210,462,2771.635498046875
1792,462,1566.1065673828125
1857,462,3359.08837890625
2330,462,1170.8876953125
2968,462,100.053466796875
110,463,2776.564453125
1576,463,500.63909912109375
2899,463,2532.88330078125
2926,464,958.5958251953125
3586,464,1450.4124755859375
3732,464,692.9750366210938
3821,464,1028.0684814453125
623,465,1779.724609375
1372,465,1432.23046875
2705,465,2304.746337890625
3629,465,1233.01318359375
1624,466,1442.94580078125
2143,466,539.8076171875
2395,466,790.721923828125
118,467,1465.45849609375
441,467,193.8206787109375
1724,467,223.8430938720703
2630,467,1300.1358642578125
1972,468,1414.17431640625
2357,468,1916.3984375
2668,468,1126.879638671875
3715,468,562.203125
3764,468,955.6923828125
424,469,1257.418212890625
507,469,1005.8389892578125
1000,469,1508.927734375
1218,469,127.60089874267578
3148,469,1609.0947265625
328,470,804.0144653320312
2547,470,1873.968994140625
2908,470,325.7483215332031
2982,470,3015.485107421875
15,471,304.9368896484375
1222,471,2364.613525390625
1233,471,1743.9520263671875
2093,471,1113.662353515625
2102,471,2813.175537109375
2556,471,1901.957763671875
3017,471,1593.3363037109375
3179,471,2686.26611328125
3206,471,2201.2294921875
3242,471,291.8646545410156
3427,471,3285.96630859375
616,472,673.58251953125
1685,472,1393.340576171875
3420,472,1222.1231689453125
2381,473,842.5147705078125
2450,473,1877.0042724609375
745,474,177.97010803222656
2830,474,1081.4708251953125
3728,474,606.7285766601562
3980,474,247.0987548828125
1109,475,3054.119873046875
2234,475,1960.4530029296875
2971,475,1004.4007568359375
3170,475,421.5111999511719
3315,475,413.2159118652344
3522,475,710.6028442382812
795,476,3794.190673828125
1978,476,3431.8310546875
2290,476,819.193603515625
2594,476,1105.89892578125
2833,476,690.4490966796875
3275,476,6702.08349609375
3917,476,1942.1148681640625
703,477,491.35076904296875
1055,477,2529.60400390625
1169,477,242.28599548339844
1885,477,665.1205444335938
2265,477,168.7499542236328
2731,477,280.3506774902344
2834,477,1559.5791015625
2767,478,1966.0184326171875
2865,478,171.9212188720703
106,479,1217.8038330078125
366,479,720.0535278320312
1587,479,316.2876892089844
3476,479,1686.6134033203125
3663,479,722.60595703125
3445,480,1149.693359375
299,481,2178.1513671875
909,481,391.6976623535156
3517,481,1281.10888671875
299,482,168.14280700683594
1398,482,2053.111328125
1952,482,2598.25439453125
2252,482,1147.55908203125
2729,482,3365.114013671875
3447,482,1690.0015869140625
3448,482,259.17584228515625
2335,484,1360.241943359375
3022,484,295.69073486328125
3036,484,1586.7342529296875
2145,485,1170.7510986328125
2146,486,1460.8988037109375
2515,486,1703.0528564453125
2834,486,438.4285888671875
277,487,1098.3873291015625
1106,487,1624.5882568359375
2891,487,1263.452880859375
3050,487,846.68115234375
1272,488,202.96115112304688
1273,488,135.30149841308594
1946,488,818.7515869140625
2907,488,2120.371826171875
3240,488,1644.074462890625
3643,488,2493.085693359375
1639,489,1688.8773193359375
2276,489,247.15867614746094
3011,489,1284.9354248046875
3070,489,2244.43359375
335,490,1039.253662109375
649,490,123.52178192138672
1652,490,206.1463623046875
2835,491,231.52024841308594
3529,491,713.4924926757812
3609,491,1092.10205078125
4022,491,153.28392028808594
657,492,2366.5439453125
704,492,488.2500915527344
1553,492,6126.32421875
2012,492,261.782470703125
2407,492,3092.45751953125
3304,492,1697.3895263671875
1755,493,846.1502075195312
2922,493,1231.3270263671875
3487,493,1262.1363525390625
3685,493,1137.9173583984375
656,494,225.3316650390625
1072,494,1284.905029296875
1358,494,1305.035888671875
1755,494,1573.2181396484375
1825,494,589.690185546875
3676,494,1305.4566650390625
1282,495,148.04061889648438
1446,495,3025.991455078125
3293,495,1597.1004638671875
3296,495,588.9151611328125
3593,495,566.902587890625
440,496,1137.9576416015625
2068,496,228.49530029296875
2258,496,2002.3448486328125
2549,496,1474.0330810546875
3168,496,785.603271484375
3800,496,1975.444091796875
2073,497,3147.093017578125
2544,497,125.3311538696289
2550,497,799.9494018554688
3957,497,294.1241149902344
353,498,407.29034423828125
3391,498,1600.7960205078125
3587,498,3042.0322265625
106,499,1179.1214599609375
2824,499,118.65298461914062
3015,499,255.07167053222656
2824,500,1218.6646728515625
2993,500,2707.273681640625
3044,500,174.2251434326172
3467,500,597.7368774414062
3892,500,1003.34130859375
1411,501,1845.863037109375
1519,501,1601.965576171875
2163,501,873.3468627929688
2862,501,1308.00537109375
1795,502,115.9712905883789
3268,502,2720.497802734375
3552,502,1305.3359375
283,503,376.7508239746094
2341,503,1064.86865234375
2806,503,679.9523315429688
712,504,3542.03173828125
1248,504,3731.025146484375
3286,504,652.6854858398438
764,505,3072.328369140625
1640,505,1620.3988037109375
2026,505,1570.7176513671875
2555,505,742.5489501953125
3212,505,5032.28662109375
3299,505,4061.45556640625
456,506,1575.97802734375
1694,506,1294.55126953125
2501,506,1050.5050048828125
2565,506,256.86077880859375
2875,506,1290.63818359375
1971,507,756.7540893554688
3823,507,1176.5458984375
1096,508,543.3156127929688
1559,508,494.0148620605469
3248,508,1544.455078125
864,509,173.52700805664062
1112,509,1113.660888671875
531,510,1169.527099609375
933,510,830.2465209960938
1297,510,958.6024169921875
1734,510,203.3096160888672
1866,510,1218.996826171875
2050,510,252.45465087890625
2715,510,1642.065185546875
1649,511,274.1343688964844
2462,511,778.0574340820312
3032,511,889.77294921875
1561,512,4054.310791015625
1620,512,2114.861328125
2343,512,166.97071838378906
2859,512,4634.267578125
3330,512,470.7227478027344
1120,513,318.9085998535156
1194,513,1115.196533203125
1991,513,2686.4453125
2106,513,1080.3023681640625
2413,513,236.36300659179688
65,514,2742.401611328125
1370,514,321.260986328125
1377,514,115.82599639892578
1397,514,242.76754760742188
2819,514,492.0118713378906
3006,514,511.0180969238281
529,515,651.8231201171875
1210,515,647.1105346679688
2599,515,1882.1234130859375
2660,515,442.6318664550781
3208,515,851.3274536132812
3761,515,1126.09423828125
484,516,179.01406860351562
2544,516,359.40997314453125
2766,516,293.41986083984375
2817,516,2671.3583984375
2941,516,722.4309692382812
3482,516,524.3450927734375
103,517,2528.320068359375
2072,517,112.9310302734375
2383,517,4594.7724609375
2815,517,2363.63134765625
3328,517,1032.2548828125
3756,517,1181.4814453125
8,518,345.8255615234375
3233,518,1785.85986328125
3387,518,839.0159301757812
3723,518,660.3958740234375
128,519,1865.723388671875
3231,519,1216.8262939453125
3254,519,2832.687255859375
3690,519,1891.9427490234375
783,520,2216.557373046875
929,520,796.4103393554688
1772,520,266.6058044433594
2385,520,1341.4454345703125
2415,520,1770.763916015625
2763,520,293.5954895019531
3358,520,344.4825439453125
560,521,1390.0604248046875
832,521,2875.056640625
894,521,2033.3121337890625
3231,521,518.5576171875
3318,521,2228.891845703125
528,522,335.3447265625
929,522,1034.6605224609375
1948,522,1703.4710693359375
2178,522,1773.641357421875
3232,522,256.5472717285156
413,523,1023.2205200195312
799,523,965.5121459960938
819,523,361.86016845703125
1640,523,154.332763671875
1641,523,455.1444396972656
1992,523,2487.486572265625
3363,523,500.6902160644531
139,524,193.6450958251953
383,524,2114.701416015625
554,524,270.1247253417969
880,524,2679.061767578125
2171,524,1323.7066650390625
2483,524,2949.39453125
2550,524,3639.618896484375
2563,524,372.78961181640625
157,525,2931.39453125
497,525,203.86766052246094
978,525,4432.9130859375
1002,525,149.2567901611328
1825,525,811.0234985351562
2038,525,2134.23388671875
2556,525,1888.46142578125
3224,525,1787.30322265625
3313,525,891.324462890625
3672,525,135.87838745117188
1606,526,440.5431213378906
1607,526,620.7783203125
1606,527,340.73919677734375
1906,527,2390.825439453125
1921,527,1683.4462890625
2467,527,836.9258422851562
3247,527,1695.22412109375
3691,527,3182.7509765625
96,528,181.79867553710938
3398,528,3489.51904296875
290,529,1817.9805908203125
890,529,1897.0675048828125
2066,529,201.4031219482422
3113,529,596.9605102539062
3225,529,510.2982177734375
3431,529,1969.4605712890625
3563,529,1427.0404052734375
3903,529,2492.16796875
1687,530,1748.474365234375
3066,530,737.1556396484375
3920,530,312.440673828125
25,531,1540.8358154296875
990,531,366.03155517578125
1937,531,222.71600341796875
2829,531,2319.39599609375
2984,531,316.37213134765625
470,532,1635.14111328125
2162,532,463.68426513671875
3195,532,3388.350830078125
3598,532,753.5715942382812
308,533,385.3136901855469
1357,533,609.9175415039062
1791,533,998.6163940429688
3429,533,4021.581787109375
3598,533,1057.3265380859375
348,534,819.3804931640625
3295,534,565.6439208984375
3306,534,1402.931396484375
2438,535,221.48843383789062
3105,535,515.883544921875
3190,535,3621.398193359375
3380,535,666.0599365234375
3600,535,2967.813232421875
1743,536,1509.640869140625
1744,536,462.271484375
2923,536,1006.6903686523438
3595,536,100.99845123291016
1404,537,3239.2880859375
1643,537,726.619873046875
2225,537,2650.097900390625
2550,537,2021.980712890625
3902,537,1456.171142578125
1908,538,1403.623779296875
1957,538,195.98046875
3017,538,1115.6817626953125
3582,538,1372.27734375
3652,538,1237.6082763671875
1689,539,2806.905029296875
2820,540,375.9745788574219
3744,540,1434.914794921875
1128,541,1815.214111328125
2820,541,3581.66650390625
3872,541,2870.608642578125
898,542,2367.786865234375
1286,542,171.16806030273438
1324,542,2314.668212890625
2093,542,911.2489013671875
2546,542,306.0555114746094
3105,542,1232.764892578125
3405,542,2100.288818359375
407,543,489.2312927246094
748,543,1987.701904296875
1592,543,3237.53515625
3021,543,599.1068725585938
221,544,908.2242431640625
750,544,300.02593994140625
1252,544,849.2188110351562
1816,544,638.3646240234375
2126,545,1050.7572021484375
2316,545,1597.5606689453125
2644,545,1444.7305908203125
3038,545,999.9741821289062
3122,545,2036.883544921875
737,546,921.5721435546875
944,546,1137.7889404296875
1307,546,102.52814483642578
1410,546,395.84124755859375
2484,546,950.8076171875
3060,546,158.33160400390625
3249,546,213.9912872314453
139,547,604.5787963867188
1742,547,274.5192565917969
2613,547,2916.6982421875
2709,548,629.7273559570312
3160,548,488.4884033203125
635,549,2425.3974609375
2268,549,1582.015380859375
3564,549,231.59466552734375
1214,550,1930.883544921875
1988,550,6991.02978515625
2209,550,109.5390625
2540,550,742.5980224609375
172,551,1427.3367919921875
383,552,2855.772705078125
635,552,1827.9140625
719,552,2148.386962890625
1677,552,1455.76123046875
3002,552,1278.4810791015625
3826,552,473.2306213378906
1657,553,733.4207153320312
2686,553,3164.551025390625
3381,553,1385.5244140625
172,554,287.8558654785156
1882,554,4799.64599609375
2927,554,6582.90380859375
3472,554,1582.1873779296875
2254,555,687.3731079101562
2814,555,2230.35400390625
2824,555,1416.167724609375
1914,556,3852.00146484375
2889,556,1286.021484375
3062,556,609.1703491210938
885,557,1257.8140869140625
1522,557,1424.71630859375
1984,557,1158.9691162109375
3331,557,476.6325988769531
831,558,361.6434631347656
1535,558,983.702880859375
3743,558,1609.124267578125
339,559,949.0415649414062
1519,559,1886.8677978515625
2261,559,115.0909652709961
2321,559,370.8515625
3183,559,1704.8055419921875
1882,560,221.5830535888672
1911,560,1058.781982421875
3194,560,1281.5347900390625
575,561,1134.4129638671875
1597,561,583.2014770507812
1724,561,1420.1632080078125
1784,561,136.451171875
1785,561,366.874267578125
2929,561,1942.5770263671875
1106,562,1019.90673828125
1784,562,249.0791473388672
2458,562,300.1802978515625
2040,563,498.7430725097656
2705,563,1812.260986328125
3236,563,2019.75390625
2224,564,959.7648315429688
2803,564,521.5031127929688
2829,564,354.3312683105469
2973,564,1977.5797119140625
788,565,212.9669952392578
1428,565,356.0667419433594
1645,565,811.0750122070312
1942,565,1842.265625
334,566,1565.5650634765625
2819,566,2388.670654296875
2936,567,543.150634765625
2958,567,244.28970336914062
3488,567,709.2222900390625
3897,567,819.8726806640625
1078,568,1674.244140625
2325,568,1176.1968994140625
1141,569,2487.351806640625
3592,569,781.2345581054688
3626,569,2350.108642578125
319,570,1009.0003662109375
402,570,211.2070770263672
764,570,1794.1021728515625
883,570,776.1919555664062
1043,570,493.3533020019531
2251,570,196.41493225097656
2436,570,387.23541259765625
2789,570,522.3367309570312
2900,570,918.9349975585938
2909,570,1161.6229248046875
578,571,2619.3486328125
2438,571,1787.530517578125
2944,571,1976.9619140625
517,572,2673.098388671875
1955,572,875.6801147460938
2395,572,1117.5489501953125
2430,572,2621.05615234375
16,573,1309.421142578125
464,573,1884.9375
1136,573,403.45245361328125
1458,573,689.397705078125
1883,573,3168.01171875
2241,573,3062.69873046875
2525,573,772.6804809570312
2862,573,432.4429931640625
389,574,3831.791015625
616,574,318.3479919433594
1995,574,493.9935302734375
2132,574,902.8582153320312
2932,574,200.81295776367188
2965,574,858.8845825195312
3375,574,363.9503479003906
3401,575,538.32470703125
3413,575,2673.132080078125
3519,575,156.5612335205078
3527,575,561.3309326171875
1230,576,393.8158264160156
1475,576,943.5870971679688
3308,576,602.2302856445312
533,577,232.54196166992188
779,577,179.97171020507812
848,577,2145.877197265625
3544,577,983.4871215820312
3732,577,1152.677978515625
1534,578,964.1238403320312
1873,578,919.6218872070312
1964,578,1190.8428955078125
2173,578,1265.57373046875
2212,578,1499.538818359375
2948,578,852.927978515625
3370,578,1547.47021484375
3460,578,189.662109375
3834,578,276.67364501953125
797,579,786.9716186523438
1534,579,412.0845031738281
2572,579,416.18505859375
2606,579,1746.291259765625
2138,580,1107.717041015625
2212,580,1529.9798583984375
2618,580,367.8204650878906
3900,580,3013.66943359375
465,581,1353.240966796875
753,581,2746.05517578125
1212,581,2251.732177734375
2591,581,956.530517578125
2727,581,921.41357421875
2767,581,1641.0531005859375
2773,581,258.16021728515625
3581,581,218.79539489746094
3072,582,295.224365234375
3465,582,104.90338897705078
472,583,1626.8507080078125
1797,583,2203.379150390625
2250,583,1697.9771728515625
3025,583,632.2142333984375
3713,583,1538.0982666015625
5,584,204.9029083251953
544,584,370.64422607421875
2101,585,611.8507690429688
3594,585,1634.177001953125
1876,586,2337.87841796875
3043,586,2420.71337890625
3818,586,225.2080078125
326,587,145.47860717773438
754,587,1599.4993896484375
1967,587,2065.9482421875
3471,587,1928.5850830078125
1935,588,609.8129272460938
2237,588,664.3652954101562
2316,588,288.15667724609375
2617,588,302.6617126464844
1273,589,842.2752685546875
2236,589,123.43531036376953
3408,589,241.9268798828125
552,590,1446.3167724609375
1296,590,982.10205078125
1918,590,458.0870361328125
3111,590,523.1117553710938
217,591,335.1122741699219
1386,591,524.08642578125
1387,591,601.71484375
1426,591,2311.919677734375
1739,591,2302.0537109375
1758,591,716.459716796875
2070,591,2827.237548828125
2743,591,1608.8416748046875
2948,591,444.6866149902344
3249,591,792.624755859375
3318,591,1501.0
3436,591,2261.81396484375
341,592,323.9451599121094
1386,592,392.38885498046875
1387,592,598.3412475585938
3201,592,655.6220092773438
3224,592,1106.4266357421875
3704,592,103.47074127197266
145,593,504.8821716308594
384,593,1321.2696533203125
1421,593,839.3990478515625
3071,593,3271.6962890625
3174,593,757.568603515625
3547,593,1689.1326904296875
874,594,1949.4473876953125
1045,594,1092.6719970703125
2202,594,2060.533203125
2218,594,1489.15771484375
307,595,1342.94091796875
738,595,4739.3720703125
739,595,121.00746154785156
1613,595,1457.3563232421875
1854,595,838.577392578125
2481,595,626.7691040039062
2568,595,2108.351806640625
2576,595,915.3949584960938
2592,595,5672.0576171875
3113,595,339.71881103515625
3398,595,1672.0885009765625
3768,595,1983.49169921875
222,596,145.48497009277344
3269,596,2965.75927734375
3743,596,574.2696533203125
756,597,129.2160186767578
757,597,126.77088928222656
1360,597,1203.996826171875
2732,597,406.4858093261719
1111,598,339.0845947265625
1153,598,1607.58154296875
1203,598,600.0087280273438
2573,598,1593.593017578125
3237,598,761.0873413085938
93,599,465.8862609863281
1277,599,833.194091796875
2889,599,2418.16650390625
3397,599,452.34368896484375
679,601,905.2029418945312
1234,601,1734.742919921875
2820,601,412.14996337890625
3363,601,393.6230163574219
3379,601,492.52056884765625
1109,602,5691.73095703125
1243,602,280.46478271484375
2598,602,1163.57666015625
3023,602,1631.4334716796875
3604,602,1209.368896484375
3719,602,1253.559326171875
205,603,1677.6531982421875
727,603,2997.5380859375
1996,603,307.8716125488281
2867,603,1195.6207275390625
3403,603,721.8306274414062
3683,603,349.7592468261719
208,604,372.85174560546875
665,604,1131.46923828125
2164,604,210.94088745117188
73,605,1899.89501953125
766,605,860.7247924804688
1835,605,3265.526123046875
2499,605,1355.3935546875
3095,605,218.7570343017578
3277,605,820.99072265625
3875,605,1122.4208984375
3221,606,1401.6121826171875
319,607,4178.1376953125
966,607,1709.99267578125
1332,607,607.0054321289062
3440,607,2855.648193359375
684,609,154.1077117919922
839,609,359.7051086425781
1307,609,1073.4310302734375
1717,609,1044.0791015625
1992,609,1281.16064453125
3332,609,2359.276611328125
3873,609,2099.727783203125
2360,610,1225.965087890625
2477,610,482.2779846191406
1386,611,1651.3155517578125
2669,611,1693.330810546875
2705,611,633.3284912109375
3107,611,2387.43212890625
3108,611,1360.0882568359375
446,612,4116.91943359375
1011,612,982.3753662109375
1672,612,355.9732971191406
2009,612,378.95947265625
2014,612,1703.347900390625
3105,612,653.5271606445312
480,613,1601.0501708984375
1126,613,156.8091278076172
1161,613,736.4307250976562
2200,613,1873.90966796875
2575,613,1567.00146484375
2675,613,3134.313720703125
2895,613,200.66737365722656
466,614,1795.8624267578125
2642,614,1830.467529296875
3259,614,848.0094604492188
938,615,941.9074096679688
1629,615,2533.3642578125
1933,615,357.3080139160156
2255,615,3655.941162109375
2351,615,143.00643920898438
2901,615,431.80218505859375
2982,615,187.26348876953125
3260,615,3862.31298828125
4050,615,2271.74365234375
803,616,554.9849243164062
935,616,2354.070068359375
1666,616,1443.151611328125
1888,616,1703.4686279296875
2478,616,2825.136962890625
2966,616,193.63584899902344
865,617,503.6530456542969
2844,617,279.470458984375
2845,617,1974.6204833984375
2985,617,801.3876342773438
3078,617,231.35643005371094
524,618,481.3303527832031
1240,618,556.283935546875
2088,618,1544.4134521484375
2844,618,347.88397216796875
2845,618,284.5356750488281
2890,618,1029.4361572265625
362,619,2530.9462890625
724,619,716.8189697265625
1116,619,920.5296630859375
1593,619,3736.52099609375
2489,619,2735.0361328125
3521,619,723.5537109375
164,620,361.98614501953125
222,620,333.1275634765625
244,620,135.1932373046875
1837,620,1869.26171875
1993,620,2777.7900390625
2669,620,1576.189697265625
3272,620,3285.69384765625
307,621,4350.1884765625
625,621,2192.029541015625
1450,621,2111.46533203125
1516,621,3058.198486328125
2647,621,225.0330352783203
498,622,1042.2974853515625
1605,622,1969.827880859375
2213,622,1637.2386474609375
2214,622,963.873291015625
2613,622,1929.8572998046875
2748,622,727.174560546875
2172,623,3345.688232421875
2770,623,449.1573791503906
2870,623,1122.7684326171875
480,624,627.5777587890625
664,624,1441.587646484375
2343,624,209.37413024902344
3536,624,186.13221740722656
569,625,2839.197998046875
2061,625,1218.9227294921875
2093,625,4134.59912109375
3094,625,1207.7252197265625
3113,625,3811.911376953125
982,626,670.40283203125
3234,626,1176.8453369140625
3388,626,3676.046630859375
3728,626,1243.623779296875
479,627,752.2598876953125
926,627,359.3606262207031
982,627,715.0409545898438
1375,627,144.84242248535156
3206,627,967.7196655273438
3727,627,1852.8404541015625
437,628,156.6623077392578
528,628,719.8965454101562
633,628,3545.661376953125
1044,628,257.7132263183594
1097,628,846.477294921875
2050,628,773.7088012695312
3267,628,2293.279296875
81,629,3440.3076171875
880,629,1717.423095703125
1339,629,1671.6514892578125
1699,629,222.87075805664062
2735,629,1176.566162109375
2830,629,1687.928955078125
3078,629,2551.63720703125
3687,629,2483.430908203125
4001,629,777.0426025390625
667,630,1426.9217529296875
723,630,115.86485290527344
1674,630,5039.6171875
2450,630,776.9500732421875
2549,630,706.452392578125
2726,630,367.4400939941406
2769,630,3734.317626953125
2838,630,826.9511108398438
1162,631,1349.77978515625
1192,631,1184.1019287109375
1812,631,115.9452896118164
2941,631,2635.901611328125
447,632,1983.71044921875
622,632,1120.0836181640625
691,632,188.27296447753906
1272,632,774.8893432617188
3279,633,4304.81591796875
3451,633,1403.7584228515625
3643,633,827.1198120117188
1189,634,1246.3961181640625
1984,634,1376.6763916015625
3059,634,1518.712890625
3177,634,2042.6978759765625
3980,634,2154.420166015625
340,635,299.6131591796875
2940,635,420.5756530761719
3633,635,345.8144226074219
3757,635,317.943115234375
224,636,1061.771484375
1858,637,3820.49462890625
1859,637,2299.51318359375
2649,637,1861.177734375
2963,637,4311.2578125
1859,638,216.33786010742188
2174,638,2854.928955078125
2995,638,604.169677734375
3567,638,3421.12255859375
703,639,168.93048095703125
3361,639,2353.212890625
989,640,687.4248657226562
1719,640,692.5048217773438
2502,640,2735.326416015625
2894,640,1076.86474609375
3036,640,912.2254028320312
815,641,158.44839477539062
1601,641,1393.222412109375
2936,641,330.7218017578125
3591,641,947.5792846679688
2639,642,1237.336181640625
3597,642,1248.5185546875
3645,642,1039.65185546875
207,643,898.4857788085938
1244,643,190.63522338867188
2451,643,1807.7880859375
2854,643,440.9432067871094
3737,643,1115.2818603515625
919,644,2243.453125
962,644,3549.41455078125
2431,644,674.3381958007812
3298,644,2379.21875
3626,644,4186.65380859375
64,645,3018.400634765625
1181,645,808.6394653320312
1687,645,791.8309936523438
2392,645,178.38723754882812
3973,645,307.9581604003906
3990,645,901.5338745117188
852,646,712.710205078125
255,647,1611.9058837890625
966,647,1722.327392578125
1294,647,381.6094970703125
2364,647,2023.860107421875
2534,647,4503.263671875
2916,647,1582.4888916015625
3579,647,2616.3837890625
3829,647,1297.8875732421875
1069,648,465.6617126464844
2384,648,2112.164794921875
2848,648,2967.61572265625
3556,648,1512.98974609375
2852,649,838.2174682617188
24,650,2117.856201171875
499,650,1490.724853515625
697,650,767.0288696289062
1051,650,1711.42236328125
1122,650,1149.268798828125
1632,650,1328.8826904296875
1725,650,2525.491455078125
387,651,2155.994140625
794,652,601.3777465820312
1693,652,2150.30712890625
2154,652,1897.68115234375
1728,653,785.3511352539062
2181,653,640.6754150390625
2253,653,557.204833984375
3124,653,1163.45849609375
3484,653,3248.548095703125
3581,653,809.5413818359375
3777,653,339.1324768066406
392,654,1609.0067138671875
926,654,1299.62060546875
1327,654,2170.0439453125
1590,654,225.5690155029297
1936,654,240.8389892578125
2840,654,350.73699951171875
755,655,1721.1422119140625
3344,655,2930.692626953125
3641,655,1755.0791015625
649,656,152.5390167236328
1281,656,1164.0587158203125
1708,656,167.688232421875
2328,656,252.2282257080078
831,657,890.442138671875
921,657,2172.490966796875
1270,657,511.2720947265625
1437,657,1003.9662475585938
2082,657,321.8143005371094
2514,657,570.977783203125
3084,657,1884.9158935546875
3223,657,362.755615234375
2630,658,1735.036865234375
3527,658,622.6319580078125
2606,659,1851.6304931640625
3578,659,1833.1375732421875
3915,659,389.9149169921875
1033,660,2014.8282470703125
2311,660,740.6904907226562
3645,660,1148.3636474609375
3821,660,742.3198852539062
187,661,578.7059326171875
500,661,586.2149658203125
501,661,4164.00390625
574,661,1313.23095703125
213,662,1016.6814575195312
500,662,3298.390380859375
1003,662,2977.81787109375
2957,662,3074.785888671875
492,663,1109.331298828125
2971,663,1875.9937744140625
3849,663,3250.65625
1060,664,155.85134887695312
1463,664,705.6389770507812
1816,664,1531.1051025390625
1822,664,2439.600341796875
2104,664,1349.791748046875
3303,664,2108.834716796875
3540,664,2546.15185546875
2657,665,200.10891723632812
819,666,1419.1683349609375
1393,666,1596.37158203125
1559,666,1066.2344970703125
1612,666,268.476806640625
3228,666,1358.301025390625
3286,666,3303.462646484375
3373,666,2225.708984375
403,667,3059.894287109375
466,667,2441.273681640625
988,667,432.3576354980469
1810,667,1002.3523559570312
2302,667,1373.289306640625
2605,667,225.24923706054688
3346,667,1914.20166015625
892,668,436.52410888671875
2290,668,1079.801025390625
1588,669,1404.0439453125
2680,669,544.04345703125
2920,669,2397.866943359375
608,670,2038.096923828125
1754,670,3624.60595703125
1923,670,1563.4749755859375
2446,670,212.05690002441406
3509,670,2315.74462890625
462,671,307.8984680175781
481,671,5333.35009765625
1914,671,551.0574951171875
2805,671,1971.1405029296875
2858,671,2136.27490234375
2487,672,1637.2803955078125
2873,672,457.0514831542969
3224,672,294.7384338378906
3300,672,236.72755432128906
4040,672,930.3072509765625
4078,672,112.50189208984375
629,673,196.4720916748047
742,673,1251.088623046875
2423,673,1283.8662109375
2794,673,548.6160278320312
2795,673,766.2080078125
862,674,174.89459228515625
2524,674,250.31068420410156
2794,674,124.79737091064453
2795,674,414.0500793457031
3300,674,1311.473388671875
3731,674,4595.197265625
2397,675,1114.1878662109375
4013,675,1604.3475341796875
244,676,934.126953125
453,676,270.06121826171875
566,676,186.7996826171875
673,676,1320.2305908203125
1076,676,486.2933044433594
2003,676,628.1669921875
3720,676,1012.4491577148438
3889,676,691.4701538085938
2544,677,1709.7132568359375
2548,677,3061.070556640625
2559,677,357.2186279296875
3685,677,2402.46240234375
3720,677,628.8228149414062
448,678,226.81436157226562
2516,678,2957.321533203125
530,679,1071.9453125
2825,679,524.2847290039062
