wavelength,strength,ID
964.7049264319749,1441.1175553907012,@SPIROU
964.8517190562721,174141.9468298026,@SPIROU
964.9624202384073,4638.415272721721,@SPIROU
965.1829759583454,81655.84394399845,@SPIROU
965.3592366778125,2096.8132369107443,@SPIROU
965.5903760415719,150246.51890112134,@SPIROU
965.8927895036187,1482.692494707268,@SPIROU
965.96319895602,1772.6047868114028,@SPIROU
966.3008727713291,20538.394283855836,@SPIROU
966.8075224833783,28561010.300602138,@SPIROU
967.0714599861465,14633.610886147546,@SPIROU
967.1674989430965,10578.09177193441,@SPIROU
967.3067278412302,6293.147913570483,@SPIROU
968.0039714398686,12301.187175541356,@SPIROU
968.2382139764504,3694.4379322737877,@SPIROU
968.5206797443429,13685.712940308444,@SPIROU
968.9057244932585,2291.6190003918828,@SPIROU
969.147723651982,3981.656323792821,@SPIROU
969.3559237360403,4248.272044838329,@SPIROU
969.483942757752,11262.887011399569,@SPIROU
969.8703864849774,17265.29342301078,@SPIROU
970.0060004795215,121094.22553971346,@SPIROU
970.0683612615139,17607.643854396647,@SPIROU
970.6191519479007,53390.004781424956,@SPIROU
971.0173079866759,2839.687918384435,@SPIROU
971.1206430908516,4391.880192904476,@SPIROU
971.4002829431918,6751.851982400691,@SPIROU
971.7370045650761,12674.369537901457,@SPIROU
972.1358436901035,2228.181079552516,@SPIROU
972.4274597978969,4123.404490070447,@SPIROU
972.6982730422283,19342.044804610705,@SPIROU
972.7586367035389,5606.906434880224,@SPIROU
972.9987861019986,103595.9172355948,@SPIROU
973.1417971318813,49520.467971804144,@SPIROU
973.4031510549762,28107.22915947192,@SPIROU
973.6774047572264,18652.961903145144,@SPIROU
973.8547551608688,1820.3959899403972,@SPIROU
974.2958378890779,16533.127378060555,@SPIROU
974.5428885986948,12892.393642113495,@SPIROU
974.8753921821403,10947.359183948149,@SPIROU
974.9685652100035,70131.25143946536,@SPIROU
975.6497189044212,6344.66628646368,@SPIROU
976.0086643135093,3704.5022510910394,@SPIROU
976.2386563979192,11885.9170565681,@SPIROU
976.3327880899313,73847.11685887817,@SPIROU
976.4452178392908,4570.11503240997,@SPIROU
977.0036118927342,3603.023476393423,@SPIROU
977.8083502295435,14347.164588176405,@SPIROU
977.9152683476125,8812.982541794747,@SPIROU
978.403307697985,1802.9064639359885,@SPIROU
978.6357981244244,4923.370165126547,@SPIROU
979.0512468739987,12839.773582390406,@SPIROU
979.3059760929726,12363.014668927102,@SPIROU
979.3658755187498,14562.11291043715,@SPIROU
979.6658786580217,9400.979149355735,@SPIROU
980.082169308526,6135.465054478402,@SPIROU
980.227948971654,2314.7789534540216,@SPIROU
980.5005044453436,4812.77620730401,@SPIROU
980.7412280711096,3198.558799744861,@SPIROU
980.9356658120169,88118.51367533783,@SPIROU
981.03722014337,17350.721307143598,@SPIROU
981.2462884172924,15986.705362134791,@SPIROU
981.6334632970282,56164.3062019175,@SPIROU
981.7581504937535,3207.3700157709786,@SPIROU
981.8979376520087,3762.189893021955,@SPIROU
982.0270061160663,5084.497606156563,@SPIROU
982.1686181260172,475444.4571455526,@SPIROU
982.3527843697498,50651.14407899059,@SPIROU
982.7120074842176,57184.04266872292,@SPIROU
983.1300411798281,6115.278890760816,@SPIROU
983.2632423596269,5793.873366623523,@SPIROU
983.3280360537462,28588.839672652353,@SPIROU
983.4611517535727,24406.973606983047,@SPIROU
984.2790566470497,2143.8618492782907,@SPIROU
984.4266347279859,11331.795462388214,@SPIROU
984.4922757806977,15621.58042425913,@SPIROU
984.8663276839709,10501.356530193576,@SPIROU
985.2554302631113,43032.44719938144,@SPIROU
985.428331310767,6237.956445365129,@SPIROU
986.0069327022603,28072.05409826863,@SPIROU
986.1675592828257,7038.282095663941,@SPIROU
986.6568156360051,6135.844675968871,@SPIROU
986.8389090659186,49197.675558711526,@SPIROU
986.9129853648687,10396.821117868722,@SPIROU
986.9819772878179,169969.08819616973,@SPIROU
987.1066157891227,284347.91091166926,@SPIROU
987.5280287685036,9552.912085811733,@SPIROU
988.0543538741179,1498.6299695982448,@SPIROU
988.1537997087291,125914.70826432279,@SPIROU
988.4182136259317,80466.99505637854,@SPIROU
988.5431211432326,12590.166395370557,@SPIROU
989.2294044672915,2380.6666624107547,@SPIROU
989.919840637137,15711.629579040986,@SPIROU
990.201374338645,4278.908615696506,@SPIROU
990.6790263573096,4879.790173638781,@SPIROU
990.8606489958077,102683.99942983437,@SPIROU
990.9887288455305,24132.854617965506,@SPIROU
991.0709290528396,28975.21762819169,@SPIROU
991.3106437730944,2767.375594994667,@SPIROU
991.3972790296091,11689.3162421591,@SPIROU
991.5364955061885,1230.120940914877,@SPIROU
991.993060000935,170402.69544436826,@SPIROU
992.1244994920448,32478.09997538969,@SPIROU
992.1848207741125,35696.24095340959,@SPIROU
992.5379518508789,6008.310782400275,@SPIROU
992.9106401150342,31353.54952433041,@SPIROU
993.275462955444,8679.571566286053,@SPIROU
993.3453172172335,10628.780320183236,@SPIROU
993.4590761930369,6537.876997100391,@SPIROU
993.5483536254229,347172.55301259516,@SPIROU
994.1738806339291,3389.124758363537,@SPIROU
994.3766033194623,10911.430826313921,@SPIROU
994.4779626339646,2734.8425569741707,@SPIROU
994.8943997781422,9472.03519433689,@SPIROU
995.1917922472289,9165.104429728555,@SPIROU
995.3021558919808,33741.6206303286,@SPIROU
995.5213720439659,64510.96306896758,@SPIROU
995.8789405827436,9144.596572535633,@SPIROU
996.2062283036214,6966.181194292967,@SPIROU
996.4355279101052,106478.65925410665,@SPIROU
996.6840956090225,428003.86511679605,@SPIROU
996.801575270319,113406.02091793399,@SPIROU
997.1928355476246,5865.324354086799,@SPIROU
997.3675675605855,32920.32117787457,@SPIROU
997.5167242537268,2445.9187581127467,@SPIROU
997.7110474778381,24874.554936543944,@SPIROU
998.4697401834285,8109.676541046272,@SPIROU
998.7824479745602,125620.89180938658,@SPIROU
998.9548625194517,14781.202500327116,@SPIROU
999.4743250215279,7760.565687707798,@SPIROU
999.6211204341305,301660.78447791236,@SPIROU
999.8469426734744,8908.624199084335,@SPIROU
1000.6418453098851,9997.248060287091,@SPIROU
1001.356894640738,169635.69106858817,@SPIROU
1001.4157733628019,23073.527586374174,@SPIROU
1002.1895670625095,12823.449984384059,@SPIROU
1002.2672275272439,2959.676947955991,@SPIROU
1002.5235808341079,33213.58083773324,@SPIROU
1003.1053866288701,8427.797332508264,@SPIROU
1003.8479205878975,8283.837048752848,@SPIROU
1004.1571722667968,105713.79307235469,@SPIROU
1004.3272214624379,237007.16277877882,@SPIROU
1004.9507550974771,2036.4007045867424,@SPIROU
1007.0115316269726,24002.541887085834,@SPIROU
1007.2784884204642,22359.45586263545,@SPIROU
1007.401165757125,17738.70434193483,@SPIROU
1007.5459688014704,7932.627906486852,@SPIROU
1007.6353042613048,359065.18787569593,@SPIROU
1008.207061251476,8670.492709206208,@SPIROU
1008.6989642931801,9233.186590205676,@SPIROU
1008.8800035417221,246529.34382475665,@SPIROU
1009.2212663737329,12788.747705549726,@SPIROU
1009.5332989165279,16015.810926630907,@SPIROU
1009.7160176407642,31195.35368608372,@SPIROU
1009.8036093291312,111777.22057273268,@SPIROU
1010.1515168057804,15342.556432719783,@SPIROU
1010.4173213491187,10394.24492219427,@SPIROU
1010.6263147518567,289511.5612483494,@SPIROU
1011.095279643497,43722.17622887867,@SPIROU
1011.4880657763936,32155.401165741823,@SPIROU
1011.6072005218591,37322.29755737283,@SPIROU
1011.9464879712727,58895.962396836854,@SPIROU
1012.4260851612298,9242.057927821417,@SPIROU
1012.5260566121773,137482.94354973058,@SPIROU
1012.8963886812087,39944.68237958319,@SPIROU
1013.0382275819968,45653.181337835966,@SPIROU
1013.696584590331,15051.279263963272,@SPIROU
1014.1169637684218,7315.7910274230635,@SPIROU
1014.5308176370322,13536.221008608822,@SPIROU
1014.9712143045065,4399.29056099443,@SPIROU
1015.0413349325673,39940.64527430445,@SPIROU
1015.2182733459482,33988.3974665984,@SPIROU
1015.3146598893284,43612.590897862,@SPIROU
1015.567074512637,1967.1837493501112,@SPIROU
1015.8591071583218,7058.578641920003,@SPIROU
1015.9393262059481,286512.97435398947,@SPIROU
1016.0699775152284,2873963.674231975,@SPIROU
1017.0354412678937,4877.124804599027,@SPIROU
1017.088752000069,11132.647078495422,@SPIROU
1017.374868767567,3626.0837924182715,@SPIROU
1017.7413553604454,5366.5569478112,@SPIROU
1018.0900043989877,11145.955866683584,@SPIROU
1018.2877392239767,4670.936151862438,@SPIROU
1018.4449245695288,5429.073032641088,@SPIROU
1018.5524049719634,5342.7184623106905,@SPIROU
1018.710018524334,173953.42040557714,@SPIROU
1018.7659505466655,7106.990923503619,@SPIROU
1019.1400246398214,6427.987167685304,@SPIROU
1019.4349445016895,2382.632671502517,@SPIROU
1019.5988140022489,74554.77389655792,@SPIROU
1019.8190594631382,5981.318437271979,@SPIROU
1019.995409530273,4068.296717805255,@SPIROU
1020.0731970684338,8841.877648406453,@SPIROU
1020.2082114908503,10670.48221922811,@SPIROU
1020.3315463416925,33134.2543901274,@SPIROU
1020.6052109468566,11022.57722178646,@SPIROU
1020.921800319334,3083.251396853421,@SPIROU
1021.0643588406174,2215.019203814787,@SPIROU
1021.1793602795474,4108.490343875984,@SPIROU
1021.24975979712,1445.3540763222816,@SPIROU
1021.6106561102988,5188.794995703745,@SPIROU
1021.9525966795799,3217.818196533193,@SPIROU
1022.4651440191466,5240.742237414533,@SPIROU
1023.4656942246534,2412.164958951297,@SPIROU
1023.8906072341522,1439.0793595376135,@SPIROU
1023.9472174941844,14732.492567003581,@SPIROU
1024.687622020511,23046.888685455648,@SPIROU
1024.8529242635507,512004.4908899749,@SPIROU
1024.9751386607777,536961.9273636299,@SPIROU
1025.3623656076575,25426.379997068558,@SPIROU
1025.88355253179,10496.522659420334,@SPIROU
1025.989117229723,3941.475508457556,@SPIROU
1026.0754299058779,12048.65408878211,@SPIROU
1026.2354036538973,3287960.589483587,@SPIROU
1026.681630395478,7569.082957833338,@SPIROU
1026.8628670719927,39289.572465238656,@SPIROU
1027.8164886144332,35408.36576963777,@SPIROU
1029.031340676119,7071.874558615627,@SPIROU
1029.3220978377212,2796.143303708343,@SPIROU
1029.4251617030461,87449.21187067848,@SPIROU
1029.823591946137,3373838.7004888016,@SPIROU
1030.3915471300654,3463.875623625121,@SPIROU
1030.6831584240426,9077.348812043942,@SPIROU
1030.8106147376263,22987.2067380608,@SPIROU
1030.949637164414,30582.83840091209,@SPIROU
1031.1181493022746,87901.52665766883,@SPIROU
1031.2653496415778,3644.7724495132143,@SPIROU
1031.447167747557,30754.63720438851,@SPIROU
1031.6594483218385,135130.09162340182,@SPIROU
1032.281127558223,2232.9374138774665,@SPIROU
1032.373473613594,9953.869255001446,@SPIROU
1033.397297980903,4231.8483487600315,@SPIROU
1033.5296041334832,32205.363407625053,@SPIROU
1033.8128213984705,1842.7800053046371,@SPIROU
1033.8968013303236,17010.712672877722,@SPIROU
1033.9920620509981,2445.77700613649,@SPIROU
1034.5082998218265,7533.691392662238,@SPIROU
1034.9312043357245,1476.753097060898,@SPIROU
1034.9975140621145,14613.810043355345,@SPIROU
1035.1120902690316,221649.10393651918,@SPIROU
1035.6226518911785,151827.31961837437,@SPIROU
1035.7183422937183,22197.629633987242,@SPIROU
1035.930841185942,14704.632014980925,@SPIROU
1036.0219714735813,28007.698252946342,@SPIROU
1036.128053540729,8821.023738557338,@SPIROU
1036.5316906416826,4427.253116672655,@SPIROU
1037.029397800365,10906.409534583114,@SPIROU
1037.4865505387597,9025.091661813676,@SPIROU
1037.562530267095,273354.70075592044,@SPIROU
1038.1124074790773,207832.34272419263,@SPIROU
1038.652269436296,38954.25206421196,@SPIROU
1038.7343612026802,10276.28412002414,@SPIROU
1038.901096837466,28413.123940801906,@SPIROU
1039.4026561603991,38505.41147115309,@SPIROU
1040.195393788154,37928.82368339761,@SPIROU
1041.0132119547911,18298.460804768256,@SPIROU
1041.1343827817468,18662.495732562027,@SPIROU
1041.2321662246445,221272.82403119374,@SPIROU
1041.5360591027907,17417.91628288754,@SPIROU
1042.0039089557445,26398.495212296868,@SPIROU
1042.609634547593,6997.45556857438,@SPIROU
1042.96457882788,52944.15562939484,@SPIROU
1043.2900381711015,51341.86365649477,@SPIROU
1043.6640700270264,28983.868775948642,@SPIROU
1043.79465178527,29685.96246645849,@SPIROU
1043.9398981211289,32996.87555637159,@SPIROU
1044.2162596274268,7341.657215467394,@SPIROU
1044.4664262191245,395443.1200011759,@SPIROU
1044.8804894337136,5512.2155845831,@SPIROU
1045.1936128934785,22623.140762848903,@SPIROU
1045.3937552564512,3887.94181105814,@SPIROU
1045.527716212346,20678.29928746798,@SPIROU
1046.0349786472757,6401.684922936696,@SPIROU
1046.3353585119698,8947.294930417615,@SPIROU
1046.5866331196548,36654.67067686913,@SPIROU
1046.7056019043953,15232.257905157392,@SPIROU
1046.7832183285445,16361.034053798632,@SPIROU
1047.0124059255709,17920.505951226514,@SPIROU
1047.1514439279003,11732.360547794484,@SPIROU
1047.9823318451495,43219.06614180097,@SPIROU
1048.2881486189856,9895.002175585169,@SPIROU
1048.4312653344205,45366.37094995142,@SPIROU
1048.7203869950781,7409.1022080447365,@SPIROU
1048.8113060252576,7519.242178281806,@SPIROU
1048.9768352682008,37970.40297966989,@SPIROU
1049.5012714202153,42475.08940878526,@SPIROU
1049.6447609132579,1728.482802416361,@SPIROU
1050.2556506272201,7665.08980275787,@SPIROU
1050.4164444901612,15783.615365401243,@SPIROU
1050.8598525020693,12107.285234897749,@SPIROU
1051.1951453029246,3790.015232565609,@SPIROU
1051.3860350127648,17114.675424114408,@SPIROU
1051.8042179861707,17000.55668697986,@SPIROU
1052.0397854352645,430371.9817597252,@SPIROU
1052.227624880762,18013.337982417135,@SPIROU
1052.3827621174141,8373.362011127656,@SPIROU
1052.6051784205938,322267.6868303523,@SPIROU
1052.8875758155295,156168.39712216263,@SPIROU
1053.3508579337215,15907.613185730812,@SPIROU
1053.4113913310498,12714.367714679072,@SPIROU
1053.7710128951899,43540.12639906566,@SPIROU
1053.8656490609746,12351.935229386909,@SPIROU
1054.1724638676747,176752.6043593791,@SPIROU
1054.5224612637553,12770.386047676224,@SPIROU
1054.8111646067077,144738.03787478284,@SPIROU
1055.1296574436992,27944.582977322847,@SPIROU
1055.1927117446216,18429.256551241455,@SPIROU
1055.338533843636,80824.29362998458,@SPIROU
1055.475783313032,112127.76924591434,@SPIROU
1055.6343077296933,7703.236911447098,@SPIROU
1055.7824282680294,6778936.849209601,@SPIROU
1056.273478230758,13861.852448726291,@SPIROU
1056.5314742813034,25808279.962085098,@SPIROU
1056.870899020331,20683.534813565508,@SPIROU
1057.0898384399725,29175.986313558373,@SPIROU
1057.2463799877441,13439.520508935071,@SPIROU
1057.935291145373,37101.760822148426,@SPIROU
1058.1716503535897,22680.820498636444,@SPIROU
1058.2899396706598,5311.264824391519,@SPIROU
1058.3639083689593,13294.511246599797,@SPIROU
1058.5308125356466,11211.975693117034,@SPIROU
1058.6980577306158,45255.43470020441,@SPIROU
1058.860071685662,4539.414358536969,@SPIROU
1059.2771015798069,24236.337324339198,@SPIROU
1059.52398163029,7330.0373401907655,@SPIROU
1059.616881800729,21730.270652303596,@SPIROU
1060.1163095428453,233202.57975961536,@SPIROU
1060.6727292907954,17368.81755639236,@SPIROU
1060.8919918199638,87460.16895152116,@SPIROU
1061.2973378815152,29217.7769577158,@SPIROU
1061.4639354343255,10082.00018410933,@SPIROU
1061.6732669496644,34244.4245458104,@SPIROU
1062.2415063956964,65189.65093421166,@SPIROU
1062.3574512013365,7435550.762538389,@SPIROU
1062.6463843126012,22667.185830202707,@SPIROU
1063.0215900804465,64722.621202318,@SPIROU
1063.1250028198242,31946.54144292308,@SPIROU
1063.437167185265,229314.22619067982,@SPIROU
1063.6827637775195,8499.077760308572,@SPIROU
1063.9858760670174,75136.85911679425,@SPIROU
1064.6605881761443,8724.63164139675,@SPIROU
1064.895197574112,18436.132749713815,@SPIROU
1065.0383321517013,1129590.5814878845,@SPIROU
1065.7771933539777,131994.37799076628,@SPIROU
1065.8803867108522,603239.6184100588,@SPIROU
1066.085350194478,6617.956019824956,@SPIROU
1067.1292740552954,7850.135666297151,@SPIROU
1068.5034524503312,31849.202836235047,@SPIROU
1069.693770183536,68622.19224236932,@SPIROU
1070.2021912334858,602632.7389290578,@SPIROU
1071.0851837535,20823.828519680712,@SPIROU
1071.1431046879748,7930.970701149588,@SPIROU
1073.2395044469251,30308.862365752742,@SPIROU
1074.258634109004,22386.256353115004,@SPIROU
1075.0911103207652,121695.1193765829,@SPIROU
1075.250149248573,25470.66719915765,@SPIROU
1075.6804189376276,83546.3343264987,@SPIROU
1075.9050445484295,20156.59587718531,@SPIROU
1076.6021059317727,462208.77032332245,@SPIROU
1077.7375903606862,11580.081951891752,@SPIROU
1077.8828988890832,91906.76144042407,@SPIROU
1078.5451456420574,21295.937702565923,@SPIROU
1079.028977716477,9006.765326015959,@SPIROU
1080.1004745087946,30104248.40651432,@SPIROU
1080.2735479721846,2202079.9603227894,@SPIROU
1081.4203615192341,51864.25855441736,@SPIROU
1081.8692993972381,63372.492090551415,@SPIROU
1082.689588453454,1582986.9246462653,@SPIROU
1082.7504364333504,299529.6517563412,@SPIROU
1083.2785473468964,95066.62300239719,@SPIROU
1083.8931409323418,115098.41060932892,@SPIROU
1084.26446726876,9227.28418665869,@SPIROU
1084.4510565519051,51210.7343770303,@SPIROU
1084.7460094618295,31119574.236310877,@SPIROU
1086.1760587431995,57124.46140547245,@SPIROU
1087.0491677613697,30548.765641259495,@SPIROU
1087.2035581980178,21192.91339482092,@SPIROU
1088.4135127450097,26854.316454603973,@SPIROU
1089.0044232364332,129379.5442586469,@SPIROU
1089.3107646218864,178259.37918417325,@SPIROU
1089.4833347872764,15461.381893592092,@SPIROU
1090.070008876339,38164.755756915,@SPIROU
1090.3326392375716,48548.02167716334,@SPIROU
1091.0168439790891,73469.50299337096,@SPIROU
1092.203195850337,17404.282624188796,@SPIROU
1092.509506744488,49901.03974276116,@SPIROU
1092.9769840411718,103211.54845620928,@SPIROU
1093.8891662249637,374629.49038858747,@SPIROU
1094.7442518671442,21127.042005552874,@SPIROU
1097.529704185962,502643.0415736886,@SPIROU
1098.769553778553,102602.29609160544,@SPIROU
1100.0891339595894,829786.5799386244,@SPIROU
1101.2734647791294,23090.792047090996,@SPIROU
1101.3875680934443,67728.11166563001,@SPIROU
1102.1236114735648,17976.859252397022,@SPIROU
1102.5842293909732,93502.4459649199,@SPIROU
1103.0766211735972,317876.2445163061,@SPIROU
1103.7084121292664,48328.38664578492,@SPIROU
1103.8971554023065,29401.817636579355,@SPIROU
1104.28741209184,14125.946244750387,@SPIROU
1105.5324292473856,39476.63827391485,@SPIROU
1105.6339692075908,189383.4086785012,@SPIROU
1108.743542599426,24108.667274339532,@SPIROU
1108.892207475322,448937.7281544031,@SPIROU
1109.8813153170026,836565.5270322391,@SPIROU
1110.2661357903353,16000.271154619984,@SPIROU
1110.3928062914401,57286.58802812647,@SPIROU
1111.044823088692,95358.73999758059,@SPIROU
1111.3552441087372,37088.54329444603,@SPIROU
1111.669465483883,264813.57713059866,@SPIROU
1111.9433082284263,51726.19137229043,@SPIROU
1112.268662376897,60657.67623458689,@SPIROU
1113.1007839305348,381530.4723401383,@SPIROU
1113.6763529136854,44358.98990003583,@SPIROU
1114.2553541963584,52087.463126749484,@SPIROU
1115.6728220486498,101544.80358588167,@SPIROU
1115.8576767908407,93566.84699262251,@SPIROU
1116.6947435949503,31588.409795482574,@SPIROU
1117.003559845588,48965.6250023186,@SPIROU
1117.0889666563262,2686938.756661264,@SPIROU
1117.4378298579802,28100.757999040878,@SPIROU
1117.7819214772292,23418.492989825485,@SPIROU
1118.6776172577065,34240.28981895678,@SPIROU
1119.0613111745886,212452.3359867962,@SPIROU
1119.8055111638146,12359.900353493274,@SPIROU
1120.211658566146,14542.914800140341,@SPIROU
1121.2367987684406,209620.4909093212,@SPIROU
1121.3796278144857,13441.236210876625,@SPIROU
1122.011320696101,17210.612903691293,@SPIROU
1122.1228678338239,6184.575724620278,@SPIROU
1123.8573404060155,65318.752741317745,@SPIROU
1124.1222946642288,12499.501044400786,@SPIROU
1124.3451892975743,5467.893943393726,@SPIROU
1124.6994283615409,58635.68567489048,@SPIROU
1125.6148254373359,7702.4913672439,@SPIROU
1125.9572811921657,5346.446283954882,@SPIROU
1126.052507857267,28572.480159583272,@SPIROU
1126.535443024948,151969.57471170602,@SPIROU
1126.7229519186649,125421.85039989426,@SPIROU
1127.1959251325225,38531.69823108277,@SPIROU
1127.4921907659805,31205.89031092148,@SPIROU
1128.1155504937751,12303.895848636952,@SPIROU
1128.627184311078,35318.79603763703,@SPIROU
1128.769711753981,48157.9304377042,@SPIROU
1129.1292613773535,26186.06796087578,@SPIROU
1129.40283335625,73824.5604521017,@SPIROU
1129.723156891074,3266093.9506092714,@SPIROU
1130.2574645183968,30681.19322426065,@SPIROU
1130.5469239383372,82839.8748563906,@SPIROU
1131.3390404007023,119660.28537371758,@SPIROU
1132.5208413278542,11655.721840932314,@SPIROU
1132.9389708980946,37804.753438523156,@SPIROU
1133.4051500754367,35181.109616926005,@SPIROU
1133.4775094829636,5719.340634646052,@SPIROU
1133.6053114956248,34790.08116427931,@SPIROU
1133.7686106508422,7730.375117206674,@SPIROU
1134.3130060360304,21201.9577738383,@SPIROU
1134.8347426019723,19127.19323904773,@SPIROU
1135.4087281142706,16682.2387140388,@SPIROU
1135.9439063068085,198287.72944709315,@SPIROU
1136.2958080610217,8240.998176386403,@SPIROU
1136.42904697291,29843.579755678613,@SPIROU
1136.9780925133673,643673.5099311699,@SPIROU
1137.6959073709281,118928.84271218217,@SPIROU
1137.982374690831,166167.13126037642,@SPIROU
1138.370005928322,24596.465931535866,@SPIROU
1138.7259722679282,2599576.661027436,@SPIROU
1139.0836971370782,9306.119625040843,@SPIROU
1139.355983783744,62808180.1899661,@SPIROU
1139.7057115318873,14043.820587412189,@SPIROU
1140.157175742583,22119.8097404987,@SPIROU
1140.3539606976976,38144.69898480264,@SPIROU
1140.89517437436,63193.684973867785,@SPIROU
1141.2258821476987,257744010.17690814,@SPIROU
1141.355413173757,922518.2021006336,@SPIROU
1143.5672910520298,22995.30010371554,@SPIROU
1143.7100166540404,152243.90027895998,@SPIROU
1144.1817434877748,7423.998120852275,@SPIROU
1144.7778774915837,20269.585977761853,@SPIROU
1145.1365456128228,436209.1392860854,@SPIROU
1146.226910057089,299032.01931961894,@SPIROU
1146.736965994401,92924.46621697987,@SPIROU
1147.2785566889588,18958.192380516633,@SPIROU
1147.406473315329,66745.26798800276,@SPIROU
1147.6051538570332,230848.87892227696,@SPIROU
1148.5511603836244,45324.232685508796,@SPIROU
1149.569000259859,16809.50328239901,@SPIROU
1149.7646044975431,6519.439031654984,@SPIROU
1149.9431873541932,22763.398379555965,@SPIROU
1150.2670340812701,8877.372593524968,@SPIROU
1150.3688987489602,24564.837460253377,@SPIROU
1150.6531114101367,821722.8014964599,@SPIROU
1150.748078102471,119753.03473087249,@SPIROU
1151.0623462715494,7677.600519154195,@SPIROU
1152.8180200043284,434185104.17990804,@SPIROU
1153.5733298889688,35435.74442521419,@SPIROU
1153.6303568913454,18730.49985841753,@SPIROU
1153.9508134441553,43623347.19974826,@SPIROU
1155.9054413603546,13511.813730101108,@SPIROU
1156.2498843325566,26578.117999436065,@SPIROU
1157.1975702364816,819421.2584593883,@SPIROU
1157.4264439613485,11341.088101218656,@SPIROU
1157.482586055955,9108.201879731678,@SPIROU
1158.0286920359974,27686.250828210286,@SPIROU
1158.368331515615,113039.93877389307,@SPIROU
1158.7026395642124,11708.52821808857,@SPIROU
1159.242840871679,109149.83284892121,@SPIROU
1159.725254030037,11210.498911152074,@SPIROU
1159.9685917829727,15526.201999178713,@SPIROU
1160.0846615326377,37793.95678939437,@SPIROU
1160.4713478561096,33034592.957888104,@SPIROU
1160.603205457457,119713.80868016722,@SPIROU
1161.7263727604968,19013953.091941047,@SPIROU
1162.5786915084955,19318.546555935038,@SPIROU
1162.7683531869247,264196.21679484623,@SPIROU
1162.9077640209919,17062.571479672726,@SPIROU
1163.6193346324626,16412.45272582503,@SPIROU
1164.4973916663457,13890.991972107196,@SPIROU
1164.6405497396825,252253.61189234222,@SPIROU
1164.7317147830115,286781.470991501,@SPIROU
1165.0043743237925,14246.115857879508,@SPIROU
1165.7428602965429,9348.112425491183,@SPIROU
1165.8322831212495,121472.87821817395,@SPIROU
1166.455356496569,62853.6680316343,@SPIROU
1166.6072291388214,12289.719524047825,@SPIROU
1166.8375137605856,93788.03430420594,@SPIROU
1167.6565051293483,6053.1227349716055,@SPIROU
1167.731277614847,11360.65581778453,@SPIROU
1167.7972783269424,26937.087522179805,@SPIROU
1168.0915982695858,15688.144449525156,@SPIROU
1168.824084447573,130312.7817283284,@SPIROU
1169.4004604315965,9091.792715813166,@SPIROU
1169.6251771991251,12195.5610963751,@SPIROU
1169.7379204851748,10301.58238183883,@SPIROU
1170.2324616116146,3475.0798071259846,@SPIROU
1170.4193466044085,137895.78779740166,@SPIROU
1171.311686230159,5688.02414628107,@SPIROU
1171.7145086920777,14947.809212528804,@SPIROU
1172.0692290215175,6296.339586123186,@SPIROU
1172.1895405685943,27374.33683677445,@SPIROU
1172.5859608906103,5920.227941559745,@SPIROU
1172.7774764403473,379747.6804137458,@SPIROU
1172.8908905942096,12589.693990864158,@SPIROU
1173.003158191756,8035.641180444823,@SPIROU
1174.1098982268932,100279.83538811999,@SPIROU
1174.2360592961618,30080.049673138077,@SPIROU
1174.2978233754743,25739.38945895816,@SPIROU
1174.4169310688112,425963.96933306643,@SPIROU
1175.8924627641554,26659.87605469406,@SPIROU
1177.0017561843506,70934216.85865627,@SPIROU
1177.4309022985417,21572.02697264209,@SPIROU
1177.5915079600416,92468.88186997228,@SPIROU
1177.8792044534073,111623.6776659991,@SPIROU
1177.9772896279883,24788.56295956854,@SPIROU
1178.0848371758348,16117.365951139027,@SPIROU
1179.0872628788527,249269.40380057757,@SPIROU
1179.2275984841224,82982958.29888557,@SPIROU
1179.854511981891,18227.081963564364,@SPIROU
1180.2279568507593,62494.890401836106,@SPIROU
1181.4080059178536,3257.46321513108,@SPIROU
1181.7156321454604,76232.35169092733,@SPIROU
1182.005965591653,21614.1673517406,@SPIROU
1183.1709206267628,883946.7406630977,@SPIROU
1183.6084781458112,6873.422654244791,@SPIROU
1183.772886293583,31641.47049345258,@SPIROU
1184.0111058542275,6566.261999741812,@SPIROU
1184.3646235871743,27245.93306792488,@SPIROU
1184.5916072656655,17055.404054181705,@SPIROU
1184.7051419409604,5700.410602727339,@SPIROU
1184.772806402485,53771.413153982605,@SPIROU
1185.0060937536036,125232.61627344636,@SPIROU
1185.1358605582682,8241.707810059857,@SPIROU
1185.2598578401771,21636.77694495976,@SPIROU
1185.7775893828443,51897.29842724629,@SPIROU
1186.2664180930772,3195939.629814745,@SPIROU
1186.9157947538752,20619.06315942658,@SPIROU
1187.2709084940152,16032.826791617492,@SPIROU
1187.4994782909798,99277.23779055724,@SPIROU
1187.6311795628171,14093.509663359957,@SPIROU
1187.7032715882037,44318.77501686683,@SPIROU
1188.4470805205065,12109.329502866503,@SPIROU
1189.062115489985,18352.322146389095,@SPIROU
1189.3580532219257,16958.29628198008,@SPIROU
1189.4320986333032,8461.143105595858,@SPIROU
1189.6241491182484,24985.87853136192,@SPIROU
1189.7498421993203,4849.625250542917,@SPIROU
1189.9557551755065,21016.59215414097,@SPIROU
1190.5747502967993,11553.83190590568,@SPIROU
1190.875134320223,6729.045006594408,@SPIROU
1191.2089272588487,7599020.323026738,@SPIROU
1191.8774512874177,15037.318664285818,@SPIROU
1192.1481062980808,8225.399762581499,@SPIROU
1192.3012969576807,145698.1441176712,@SPIROU
1192.5712090225586,58373.45351357628,@SPIROU
1192.7007056522161,4043.600021279454,@SPIROU
1192.874191927715,2242.5500093383084,@SPIROU
1193.5083488896012,3974.8464359130558,@SPIROU
1193.6424588551267,24961.69675758203,@SPIROU
1193.9261974262133,59102.06676414941,@SPIROU
1194.0035137981527,4556.711296820549,@SPIROU
1194.3911049754524,108449.30939090086,@SPIROU
1194.8258908833618,3196.5652926646853,@SPIROU
1194.9712238314269,4731.810626724403,@SPIROU
1195.0755393001646,22982.266792206065,@SPIROU
1195.1974143812838,3787.1384653522127,@SPIROU
1195.4664927744684,4467.461299624178,@SPIROU
1195.9593931263805,13924.247375586354,@SPIROU
1196.016458442437,8718.469464998472,@SPIROU
1196.0804660503625,1769.2280232524222,@SPIROU
1196.2049881030955,63628.168431609134,@SPIROU
1196.3633187313121,21637.173311470033,@SPIROU
1196.660375564596,40266.83109061892,@SPIROU
1197.0018314236515,7651.925620814644,@SPIROU
1197.074321336731,4667.962279246311,@SPIROU
1197.369767439193,21121.60147400799,@SPIROU
1197.6079106631603,9654.0562649064,@SPIROU
1197.8850013265953,49220.84825959646,@SPIROU
1198.0122111561989,3454.880860088966,@SPIROU
1198.076275084312,36649.88680534962,@SPIROU
1198.193766897793,42667.757914384834,@SPIROU
1199.29635136171,19714.56844161408,@SPIROU
1199.5137109721877,199400.11015439406,@SPIROU
1199.627791742766,72325.14324233404,@SPIROU
1200.2100346373586,23811.322134544112,@SPIROU
1200.3135931218403,153305.67687770812,@SPIROU
1200.556951479227,18499.49933708052,@SPIROU
1201.1305225376823,485432.0857956168,@SPIROU
1201.394909608657,7402.624723986324,@SPIROU
1201.5819608389024,469389.042058486,@SPIROU
1201.9414925489727,30877.043019331926,@SPIROU
1202.113713562485,46170.70055874321,@SPIROU
1202.4319488349727,9087.78933594137,@SPIROU
1202.512363584573,100017.14157873917,@SPIROU
1202.7454356186356,11307.004023910618,@SPIROU
1202.8863894630886,31020.71348737098,@SPIROU
1203.0441088935281,554070.585246319,@SPIROU
1203.2064368751346,34955.417389956354,@SPIROU
1203.4446441485081,12940.400742186392,@SPIROU
1203.7640654692543,265600.36368003086,@SPIROU
1203.9865419107673,299358.6995807849,@SPIROU
1204.436011140514,6411.571610935254,@SPIROU
1204.6739101891892,26672.460282304277,@SPIROU
1204.7715806246101,27969.6470395667,@SPIROU
1204.8419285849354,62065.11868525752,@SPIROU
1205.468091053623,4932.262380485772,@SPIROU
1205.5350899758594,7433.007970489009,@SPIROU
1205.6016797528523,9821.619407969176,@SPIROU
1206.457781156058,5613.058347239885,@SPIROU
1206.5661900051723,16881.774209313968,@SPIROU
1207.2693099371138,55325.31993719815,@SPIROU
1207.4848457700757,60334.72815179439,@SPIROU
1207.7227468809688,10717.624062373025,@SPIROU
1207.9139717451828,20455.486737532116,@SPIROU
1208.012510232804,20443.058153025413,@SPIROU
1208.2751100282076,8553.147177173261,@SPIROU
1208.3774974706048,9423.976272244436,@SPIROU
1208.7754258176724,24280.17459182615,@SPIROU
1209.2325396782298,2134.207901415105,@SPIROU
1209.348516256271,6338.703335284722,@SPIROU
1209.5008635709728,4126.426543648664,@SPIROU
1209.9291395165124,111086.86722630807,@SPIROU
1210.0107749215535,9522.358474049463,@SPIROU
1210.3224317412814,13749.994209414952,@SPIROU
1210.5712232236756,1642.7018853724712,@SPIROU
1210.7175754910772,16972.502782308293,@SPIROU
1210.987314105501,15835.222176353262,@SPIROU
1211.436370937612,7710.069257833782,@SPIROU
1212.062168113573,80549.79286545549,@SPIROU
1212.2487628083622,6285.76776343428,@SPIROU
1212.690771446129,12427.363117511324,@SPIROU
1212.9793007196965,20905.410866392143,@SPIROU
1213.301783749807,61628.768546525906,@SPIROU
1213.496441924222,7526.561158505185,@SPIROU
1213.9187532814626,126695.04549159086,@SPIROU
1214.4149953327822,57543.434118116515,@SPIROU
1214.5189931709515,12805.882760923469,@SPIROU
1215.950472184318,8688.659667901175,@SPIROU
1216.05724925734,171860.86912174668,@SPIROU
1216.1257392171842,150448.5150918573,@SPIROU
1216.2653442429337,33341.11682317352,@SPIROU
1216.9621277846225,7176.49212675784,@SPIROU
1217.075634117025,53468.854970654415,@SPIROU
1217.2105780789748,16466.5162205675,@SPIROU
1217.5779130831506,35683.10939253394,@SPIROU
1218.2536367272,6882.458670659773,@SPIROU
1218.533507660683,186704.59585191932,@SPIROU
1218.9987332272094,26496.349958304905,@SPIROU
1219.5090319718056,143453.22045981837,@SPIROU
1219.7234293335507,138282.1499369092,@SPIROU
1219.8048788175352,561670.2171111589,@SPIROU
1220.2418507407983,93355.91552712576,@SPIROU
1220.3251390104551,32615.532011827327,@SPIROU
1220.4150298921938,34881.09763472261,@SPIROU
1220.5839316009963,22946.471824574415,@SPIROU
1220.9722656316053,9001.030363063433,@SPIROU
1221.7931366224543,835755.9951456387,@SPIROU
1222.171722509046,287687.4976222713,@SPIROU
1222.3615238880698,36903.82788967209,@SPIROU
1224.0672143339766,6007.712621570778,@SPIROU
1224.4177482621003,4405578.269916897,@SPIROU
1225.3814081608652,1486851.8449444342,@SPIROU
1226.1192570847502,22694.72489197438,@SPIROU
1226.4715069135373,167318.56316600554,@SPIROU
1226.7646311903263,17770.988209698044,@SPIROU
1227.0492899543697,148417.60942811213,@SPIROU
1227.1351587503632,33499.69151004686,@SPIROU
1227.3866820254534,74483.44084893679,@SPIROU
1228.3536589594557,20391.41700840059,@SPIROU
1228.8806681406122,38797.145288556785,@SPIROU
1229.0590616203515,7400.599708101039,@SPIROU
1229.2142706096156,30647.74022432878,@SPIROU
1229.4767778522444,63424.494830431715,@SPIROU
1229.5755850512662,7028.974392092685,@SPIROU
1229.703467175499,4971.672467777637,@SPIROU
1229.807944685771,29155.742970810283,@SPIROU
1229.945964406123,5740.795673700846,@SPIROU
1230.3602699112287,9459.203425167248,@SPIROU
1230.8343168161427,12018.242553995746,@SPIROU
1231.3784160064888,34388.11170473386,@SPIROU
1231.643897041917,2171.993618991324,@SPIROU
1231.9596973392772,5082.5415505490855,@SPIROU
1232.745801261101,47948.517263695736,@SPIROU
1232.8855895898378,6899.261971008303,@SPIROU
1233.0872871414786,55376.5541861605,@SPIROU
1233.18363135277,38500.24214928372,@SPIROU
1233.309942086456,8199.892895126908,@SPIROU
1233.4067592372903,3888.8275357342072,@SPIROU
1233.509551944235,4474.178935327367,@SPIROU
1233.8135711369973,29326.482585060956,@SPIROU
1234.046271974073,32704.893754127086,@SPIROU
1234.3651164603211,48279.25342703304,@SPIROU
1234.5119853525396,33111.467104998024,@SPIROU
1234.759110060501,4158.290124135854,@SPIROU
1235.093246464362,7184.176394122651,@SPIROU
1235.8674257471584,7058.651539002693,@SPIROU
1235.939085102845,32429.559809699982,@SPIROU
1236.0970032475564,3923.820558897859,@SPIROU
1236.1999640673173,31231.952289243403,@SPIROU
1236.57218267257,7126.590599832922,@SPIROU
1236.8533135783753,21853.535432859928,@SPIROU
1237.3495606964784,22274.211611653172,@SPIROU
1237.4510784046288,57110.99343855602,@SPIROU
1237.6894623665912,622421.9414515623,@SPIROU
1237.761459488041,30391.998967468455,@SPIROU
1237.9676795732207,7746.693881192219,@SPIROU
1238.0466129406773,75659.39705673946,@SPIROU
1238.1254248807875,66644.05313947816,@SPIROU
1238.7393013901544,50153.744983068,@SPIROU
1238.979364983515,46123.83794051201,@SPIROU
1239.0573984422272,7974.311104780655,@SPIROU
1239.3676566726574,4726.58170078435,@SPIROU
1239.9119223977427,135032.4710082676,@SPIROU
1240.089928022758,15379.694748847414,@SPIROU
1240.1835698253312,186382.1691703383,@SPIROU
1240.5792355000485,25985.748268912506,@SPIROU
1242.1208053167143,35187.968017855965,@SPIROU
1242.5099484670232,4296.157336664378,@SPIROU
1243.1147370696933,80328.31095705018,@SPIROU
1243.595249488474,12063.438887022232,@SPIROU
1244.5238671502375,59983.82706945466,@SPIROU
1244.6394128298043,5926.60667935132,@SPIROU
1244.7566671542918,32233.755464312482,@SPIROU
1244.8776587492532,61426.09271221087,@SPIROU
1245.150934327024,23662.259906791005,@SPIROU
1245.2628405722762,40878.68433881151,@SPIROU
1245.4748134730535,16295.87673479158,@SPIROU
1245.871951319354,22452.7163906997,@SPIROU
1247.3887913426793,51980.49534026286,@SPIROU
1248.3686862427012,30335.919389947216,@SPIROU
1249.236434937677,147160.97400107954,@SPIROU
1249.6209767672158,33891.78480028677,@SPIROU
1250.0422444782962,12272.363078405302,@SPIROU
1250.186504257516,7138.992370686005,@SPIROU
1250.6559573550317,4914.55069021223,@SPIROU
1250.9661851661458,66785.54392139032,@SPIROU
1251.694210336797,72675.25846712568,@SPIROU
1251.7576468642478,13142.69871053383,@SPIROU
1252.1584647416526,14090.401647407416,@SPIROU
1252.2279009595477,8434.338153858524,@SPIROU
1252.661298374449,35582.24389541196,@SPIROU
1252.8163800743014,5346.607426308632,@SPIROU
1252.9698927476397,3347.765214836777,@SPIROU
1253.0744957282539,13480.00769537823,@SPIROU
1253.2671884452886,2308.436587210414,@SPIROU
1253.3513644611771,1566.5830156922416,@SPIROU
1253.4158358708926,15112.12277148182,@SPIROU
1253.5240592503474,80961.18807441829,@SPIROU
1253.6955097288965,14711.410548448748,@SPIROU
1253.8458048664017,20435.63519638803,@SPIROU
1254.3658672781899,33802.03496695345,@SPIROU
1254.6319930694995,5116.157516585062,@SPIROU
1255.4531218167003,69954.79960528751,@SPIROU
1257.4447433035116,2196503.0852988465,@SPIROU
1258.6254843655697,68150.84258596221,@SPIROU
1259.4479137979392,18054.41944778992,@SPIROU
1259.5974818849509,83116.57302681656,@SPIROU
1260.5675820476376,21318.62856401819,@SPIROU
1261.0490427063107,239246.79769610288,@SPIROU
1261.6215964598223,8260.689001329818,@SPIROU
1261.809948367963,61609.05883356974,@SPIROU
1261.8927465206434,11723.421987051326,@SPIROU
1262.7291789138799,445191.2068428273,@SPIROU
1262.915890385173,124714.2047935035,@SPIROU
1263.522235063909,10534.67569704822,@SPIROU
1264.0659355535036,45579.08958997344,@SPIROU
1266.6739487377554,322581.1910010035,@SPIROU
1267.0259723019021,18908.563492899855,@SPIROU
1268.1921657974774,16259.206156986844,@SPIROU
1269.7513217073006,98563.98635018923,@SPIROU
1269.8753584716114,24048.126107905737,@SPIROU
1270.1500053948425,6089.145166360655,@SPIROU
1270.3059202467148,33000.73179761319,@SPIROU
1271.1876586355734,72570.36959423829,@SPIROU
1271.5918998317313,5990.7324391734755,@SPIROU
1271.8510191592127,42498.155277816695,@SPIROU
1272.3910298811807,52119.066655476985,@SPIROU
1272.5015448094791,238927.8160492142,@SPIROU
1272.5853985348317,57536.26462086025,@SPIROU
1272.7378752583472,5946.080937463965,@SPIROU
1272.9128248257225,19998.690669290892,@SPIROU
1273.3585063610924,23854.575280214158,@SPIROU
1273.6137922309322,121134.30438863538,@SPIROU
1276.5770903167445,1467.0884201706754,@SPIROU
1277.6056919181597,266975.77034102305,@SPIROU
1277.759008351389,26599.544091198608,@SPIROU
1278.4327759549956,37265.17992371508,@SPIROU
1278.8650869452044,5076.666361471302,@SPIROU
1279.2800961351231,42027.73966140956,@SPIROU
1279.5785269896771,100921.14001199682,@SPIROU
1279.7840655659325,44238.285307429614,@SPIROU
1279.9427452011216,1001809.7683765145,@SPIROU
1280.0814853080228,31815.166038111216,@SPIROU
1280.5822233430758,44668.165504236924,@SPIROU
1280.7507319322724,65139.48985269001,@SPIROU
1281.1054777727902,74514.68366308243,@SPIROU
1281.3906188446922,20793.932318649102,@SPIROU
1281.753386531202,8159.917040200522,@SPIROU
1281.9361872843606,29744.52769082275,@SPIROU
1282.099779822192,40798.67518368237,@SPIROU
1282.4133321413635,56347.274356047215,@SPIROU
1282.733097486979,12145.717569577377,@SPIROU
1282.872146741487,37307.95282827757,@SPIROU
1283.1106403227182,7692.211370547227,@SPIROU
1283.8712960371656,34338.557408671026,@SPIROU
1284.0489201409166,16591.47395665011,@SPIROU
1284.2856838043222,5545.989648416315,@SPIROU
1284.4234516121585,145115.83938150527,@SPIROU
1284.7220061613812,11322.961839684649,@SPIROU
1285.2064775421372,2170.4987108233076,@SPIROU
1285.8016240088962,2696.1617765512283,@SPIROU
1286.312207898191,427128.4833551178,@SPIROU
1286.4875973930857,24373.173595866272,@SPIROU
1287.1869204551656,14638.202384762495,@SPIROU
1287.327162725551,41328.9452819139,@SPIROU
1287.5818491162709,1825.625193206559,@SPIROU
1287.7163912784404,6229.312519574434,@SPIROU
1288.0630337009707,15141.244342323807,@SPIROU
1288.2651399473807,2480.878763373157,@SPIROU
1288.3668144297715,22220.514760665137,@SPIROU
1288.5170905332236,19281.24101928991,@SPIROU
1288.6210303993453,77155.66493124148,@SPIROU
1288.999903970595,140380.03065578075,@SPIROU
1289.5796187926994,2672.8897564613203,@SPIROU
1289.7363915503222,15892.832692778487,@SPIROU
1290.0141444121164,111623.73691898634,@SPIROU
1290.3272782824972,6060.359597402752,@SPIROU
1290.5471680331148,20853.140499428777,@SPIROU
1290.6715827424377,4657.720791266833,@SPIROU
1291.3662930111402,66137.21522300053,@SPIROU
1292.2379134344274,21282.72428631838,@SPIROU
1292.5733183355514,11258.054350578812,@SPIROU
1294.1404259027677,1558.5830571379527,@SPIROU
1294.4265678846637,3938.1082854996585,@SPIROU
1294.58553343303,12178.28038361801,@SPIROU
1295.3100788442096,35384.8692137575,@SPIROU
1295.5007229316911,32448.25556708403,@SPIROU
1297.2432074138192,21071.026873466744,@SPIROU
1298.0481063243967,65802.41992682341,@SPIROU
1298.2668402454474,38922.31569429265,@SPIROU
1298.4799211821103,114080.33309603299,@SPIROU
1298.760653360907,1151.4475848549441,@SPIROU
1298.8273676598733,5237.4401945849995,@SPIROU
1299.3086759501625,29611.524952128624,@SPIROU
1299.572288146729,18097.84634028221,@SPIROU
1299.7005763127786,138280.7287792261,@SPIROU
1300.1421407263322,5283.747055256515,@SPIROU
1300.6216172921359,23394.47232775946,@SPIROU
1300.8769127923833,8680.246622240047,@SPIROU
1300.9691787667375,14531.4545726351,@SPIROU
1301.0459009573196,67498.15790931357,@SPIROU
1302.0665871630558,18697.939206530427,@SPIROU
1302.6119438362407,9024.595238448735,@SPIROU
1302.8305875519732,10174.559701837938,@SPIROU
1303.0515961310748,8067.689471741237,@SPIROU
1304.5046083691434,81017.07640799909,@SPIROU
1304.8661527040572,86764.1587084184,@SPIROU
1305.2007513209087,5444.04491964057,@SPIROU
1305.3509249101182,16733.665041691555,@SPIROU
1306.7444611721596,88180.52895232846,@SPIROU
1307.5888359571836,4346.3284026150395,@SPIROU
1307.7220207153734,2788.79732993116,@SPIROU
1308.472330330839,10702.218387173387,@SPIROU
1308.5901108547632,4666.52070477841,@SPIROU
1309.0067727247288,6583.358685210929,@SPIROU
1310.0961725577718,81540.99686771717,@SPIROU
1310.5120988874432,20053.189069013373,@SPIROU
1310.581078890572,4003.9270271614487,@SPIROU
1310.794945560799,65793.03586026019,@SPIROU
1310.9469860910704,8298.26899285265,@SPIROU
1311.785967306501,4578.382430782518,@SPIROU
1311.9173666408515,7887.036872642306,@SPIROU
1312.2909015270902,7838.900077296568,@SPIROU
1312.4130300689076,10599.859560042703,@SPIROU
1313.3577842493942,32715.617566754438,@SPIROU
1313.6207164097405,4072.6898403937275,@SPIROU
1314.421021999567,8915.445411012333,@SPIROU
1314.4911946893794,12797.286290606324,@SPIROU
1315.246497538121,6834.645343295111,@SPIROU
1315.4525993694906,12111.158907456122,@SPIROU
1316.235991774107,5309.187328710418,@SPIROU
1316.3941107768105,81463.65532831542,@SPIROU
1316.5272002545644,3662.6701061257136,@SPIROU
1317.7588991182106,21738.21873491779,@SPIROU
1318.8779831066013,8215577.266880717,@SPIROU
1319.630687461053,1870.3286218055866,@SPIROU
1319.6998818206325,1759.2676921873606,@SPIROU
1319.801022498366,8501.236920619172,@SPIROU
1319.9679121797194,8751.660532414604,@SPIROU
1320.1662352039507,51459.84454342202,@SPIROU
1320.655124744161,6076.574359072732,@SPIROU
1321.920015474693,132428.28676221875,@SPIROU
1323.3164186981944,20844.978266196027,@SPIROU
1323.7991758459061,316947.2703021065,@SPIROU
1324.2996499054457,8905.835095447928,@SPIROU
1324.4206442677962,23421.616280515074,@SPIROU
1324.5037930070462,59966.234189407995,@SPIROU
1324.664578517427,26703.62555582773,@SPIROU
1325.1771346149512,30079.65440387314,@SPIROU
1325.5939220533578,21776.66491973586,@SPIROU
1326.1034887324631,540797.5585982408,@SPIROU
1326.206366692029,78827.43000889034,@SPIROU
1328.0620530686538,27437.3804803393,@SPIROU
1328.646896671487,43688.43693927376,@SPIROU
1328.785619646873,9678.476008178972,@SPIROU
1329.643383571754,6520.146332068145,@SPIROU
1329.8345127523762,334496.93161062174,@SPIROU
1330.880680908479,11441.301439539997,@SPIROU
1330.9873524028499,1195245.4714383835,@SPIROU
1331.457652184307,14430.643385838615,@SPIROU
1331.5565177719054,84799.06190789561,@SPIROU
1331.7980160864245,1824.966895032872,@SPIROU
1332.2582715146914,22041.14711294343,@SPIROU
1332.965800335501,31089.237280510366,@SPIROU
1334.844386661845,3907.422788685867,@SPIROU
1334.994096177543,14592.896692528877,@SPIROU
1335.1887207653183,3944.7427411051467,@SPIROU
1335.3016231777933,5941.233028036335,@SPIROU
1335.4969408247491,4655.438293126166,@SPIROU
1336.3067156442446,13254.292739525423,@SPIROU
1338.3160863527783,146018.3365275463,@SPIROU
1338.8593468431095,3211.4340339666537,@SPIROU
1339.4898538375944,2501.9861791274466,@SPIROU
1339.7121797830694,29379.93621527696,@SPIROU
1340.4719816717293,33730.905805259405,@SPIROU
1340.6391155819083,5771.2184668600285,@SPIROU
1341.0733473518012,48480.02858875233,@SPIROU
1341.1593119507847,10507.364930711654,@SPIROU
1341.4735886127296,8087.148913258166,@SPIROU
1341.8126569991077,16946.985279423345,@SPIROU
1342.395320938399,62972.57046751419,@SPIROU
1342.5965555258704,2400.8710722992564,@SPIROU
1342.7509300061215,5052.798156135235,@SPIROU
1343.9905432157655,377964.64603951364,@SPIROU
1344.8114931131695,361746.31928350683,@SPIROU
1344.9532939683927,3742.5101733179013,@SPIROU
1345.089896374426,96890.18507903637,@SPIROU
1346.1742837341376,171920.59466934326,@SPIROU
1346.3151388209037,46329.364312132064,@SPIROU
1346.4832683672623,32673.94744349368,@SPIROU
1347.0085157934204,89009.9500670184,@SPIROU
1347.1955119947102,14518.464920010352,@SPIROU
1347.9035497318243,87460.91174441433,@SPIROU
1348.4377450387367,67075.71491776028,@SPIROU
1349.2208484453104,67422.85195134713,@SPIROU
1349.4642325361806,34277.84871257197,@SPIROU
1351.1615502531727,29328.48244410436,@SPIROU
1351.940037056817,28491.558000488098,@SPIROU
1352.28305602393,15022.561623031253,@SPIROU
1352.9300666714435,62452.0280532437,@SPIROU
1353.3960575036663,5667.954807129954,@SPIROU
1353.696610136407,212587.11236158185,@SPIROU
1354.339936796886,13514.551348273511,@SPIROU
1354.4638562906523,6654.488024212057,@SPIROU
1354.6558726647277,15969.279737231926,@SPIROU
1355.8449959916206,45384.129557164415,@SPIROU
1355.9673078756857,2774.854284321751,@SPIROU
1356.5438509020005,15336.345517504284,@SPIROU
1356.8082838341138,8733.910480257477,@SPIROU
1357.2758130622199,7174.362520300767,@SPIROU
1357.5773386910803,129730.09290488662,@SPIROU
1357.7904700534384,10254.63293854701,@SPIROU
1357.9636335403402,49937.868209628636,@SPIROU
1358.2186216214898,343642.2019063952,@SPIROU
1358.9542840693573,26627.26872378013,@SPIROU
1359.375317475923,6668.067951371626,@SPIROU
1359.669918921744,57436.853931635575,@SPIROU
1359.8764476409722,10954.186231065327,@SPIROU
1360.3349931594548,59784.98748026755,@SPIROU
1360.8565589941447,12166.392090349891,@SPIROU
1361.3221711435085,12757.957730425165,@SPIROU
1362.0753518543825,44478.0620931459,@SPIROU
1362.2126764413608,12751.272987921935,@SPIROU
1362.5757939264743,3307.438041605008,@SPIROU
1362.7183733922175,9277.612574629313,@SPIROU
1362.9850716727626,63542.9443699289,@SPIROU
1363.5313489770933,42114.12607119573,@SPIROU
1363.8510444328538,17048.976095555783,@SPIROU
1363.9345904215038,24692.437391506704,@SPIROU
1364.0161312229143,196374.87865038478,@SPIROU
1364.1614641524707,11866.501145022166,@SPIROU
1364.7546389691454,1926.4969393358238,@SPIROU
1365.241526116429,6265.072254027,@SPIROU
1365.3233609109316,13703.258666954247,@SPIROU
1365.4080657913232,19516.309912959776,@SPIROU
1365.7316526913428,1091.0925298272255,@SPIROU
1365.9886660028826,2576.356717961793,@SPIROU
1366.540722773177,81922.69691781985,@SPIROU
1367.3667354273202,15369.053581322936,@SPIROU
1367.7345145324948,843735.7703974049,@SPIROU
1367.9821998930688,23165.534939245816,@SPIROU
1368.709601050876,86850.93297716137,@SPIROU
1368.8771539382528,28730.45931766875,@SPIROU
1369.0577441748758,23190.884676952228,@SPIROU
1369.841627995342,12473.618037207492,@SPIROU
1371.231195490084,437470.34529354743,@SPIROU
1372.0212652193454,486051.3962245777,@SPIROU
1373.7485148983033,54398.10358339056,@SPIROU
1374.8088074398897,19423.06106761913,@SPIROU
1376.2216366907119,58731.81674564048,@SPIROU
1376.4604535841347,90253.0899821766,@SPIROU
1376.5612636848728,7711.092654013275,@SPIROU
1376.8034778344866,139437.6358193423,@SPIROU
1376.940856310262,24644.810311648118,@SPIROU
1377.0865250329775,115801.7416872916,@SPIROU
1377.1676058799292,53063.27765706877,@SPIROU
1377.2431883783358,62861.4294576096,@SPIROU
1377.3253690713643,10092.831859020673,@SPIROU
1377.4636278043197,54034.73154539522,@SPIROU
1379.2757146764222,27398.888067985456,@SPIROU
1379.4836263262277,8567.563135628538,@SPIROU
1380.0609479014029,5324.871065018326,@SPIROU
1380.9872409398793,2509.827095265129,@SPIROU
1381.1831096747444,19812.99253700618,@SPIROU
1381.253988458664,9880.475353647129,@SPIROU
1381.6886943032114,13136.804200919227,@SPIROU
1381.8935187552825,13570.385808895118,@SPIROU
1382.4199024019736,5048.356565299704,@SPIROU
1383.3464295677838,30418.166627061284,@SPIROU
1383.7155321711546,54421.113116504144,@SPIROU
1383.9587062646988,33905.88314181047,@SPIROU
1384.2374668434093,75112.02274211025,@SPIROU
1385.279728364193,6480.89867454474,@SPIROU
1385.6533744497406,704343.5461286476,@SPIROU
1386.12568052217,19363.438433398485,@SPIROU
1386.268065493732,22776.235077747027,@SPIROU
1387.6971643427833,10688.541129756695,@SPIROU
1388.29068785126,4073.5122846414547,@SPIROU
1388.453393171549,20264.255341372118,@SPIROU
1389.1673432896603,14136.730239505952,@SPIROU
1389.5976866321746,2892.8443756492507,@SPIROU
1389.7048416274577,19806.800583615317,@SPIROU
1390.5191036708025,20647.856954455543,@SPIROU
1390.599020578204,54968.67123127909,@SPIROU
1390.8063916797216,15347.322682603492,@SPIROU
1391.3405989125017,7557.3430951138525,@SPIROU
1391.8660989539576,17476.76309317532,@SPIROU
1392.3728725299848,471234.21248195996,@SPIROU
1393.117640506781,25438.642164901197,@SPIROU
1393.2883014151998,7310.683307992279,@SPIROU
1394.1710371321558,4832.368751180639,@SPIROU
1394.4247564937968,58970.809525363686,@SPIROU
1396.2151509787604,377555.4033438082,@SPIROU
1396.3234075008459,29967.16498533519,@SPIROU
1396.5397407886658,6118644.68566582,@SPIROU
1398.0718258783181,23997.287265825435,@SPIROU
1398.5917591178284,7352.741298877381,@SPIROU
1398.8388744550166,100232.02062258907,@SPIROU
1399.2222689302325,18865.439817276907,@SPIROU
1399.4194842170111,22351.13732884451,@SPIROU
1400.0526740155701,40228.05321723553,@SPIROU
1400.459481266204,15537.615898816262,@SPIROU
1400.7717174329496,8056.935853540462,@SPIROU
1401.3346110349235,18001.43112955455,@SPIROU
1401.7700194495342,27718.38291692939,@SPIROU
1402.0547190168463,12007.992590421638,@SPIROU
1402.1456482939418,4785.983550264762,@SPIROU
1403.038771015079,2214.3085955816714,@SPIROU
1403.4014380666008,55693.07316292441,@SPIROU
1403.5539271382086,29656.915668234447,@SPIROU
1403.9312989232633,22274.22047053962,@SPIROU
1404.0075600859905,10623.014720401461,@SPIROU
1404.54789525028,5049.5854514107,@SPIROU
1404.965745996591,229612.4725283387,@SPIROU
1405.2336660293279,8004.69700188909,@SPIROU
1405.4125106297388,25128.4388692079,@SPIROU
1405.6325727909727,66640.16893511212,@SPIROU
1405.985982705312,4310.566183309198,@SPIROU
1406.6948949910106,14811.76373585855,@SPIROU
1407.830596087603,238213.61065922957,@SPIROU
1408.6132059112142,6762.787879809819,@SPIROU
1408.6988937469903,4307.212688490663,@SPIROU
1409.8052484634609,73450.17295824003,@SPIROU
1410.0163525238108,2869.382208939921,@SPIROU
1410.6341165763579,32839.449033615485,@SPIROU
1411.6600758211325,12919.874500244847,@SPIROU
1411.9317643672116,16844.92584461342,@SPIROU
1412.2443836837797,43882.00955372115,@SPIROU
1413.2809401777445,4601.78385852447,@SPIROU
1413.559391460268,11007.581995353572,@SPIROU
1413.6987555816204,176864.4518618032,@SPIROU
1413.7727769809517,5128.584648129048,@SPIROU
1414.0899741983694,32716.963492433508,@SPIROU
1414.2127345539184,6655.118230546777,@SPIROU
1414.5254859855697,32395.25824125372,@SPIROU
1414.9246190244749,48241.74485793931,@SPIROU
1415.022850785451,33679.035954625644,@SPIROU
1415.8960929158416,24113.895267821434,@SPIROU
1416.032192781076,148359.5866979217,@SPIROU
1417.01044595328,88033.0144479709,@SPIROU
1417.3097765696816,22251.27883236782,@SPIROU
1418.2247352455752,31417.46699737156,@SPIROU
1420.2697247497617,252715.4527730535,@SPIROU
1420.7163745355513,9550.102790471123,@SPIROU
1422.6678838447851,17701.15031859096,@SPIROU
1423.188314776702,4286.79210678059,@SPIROU
1423.4054084094794,10934.639349480885,@SPIROU
1424.026400947395,12072.612932449636,@SPIROU
1424.466794396293,8312.522388133337,@SPIROU
1424.7169069856022,16411.07991300061,@SPIROU
1424.912067025749,11237.345669321761,@SPIROU
1425.3320321259607,35032.03669559442,@SPIROU
1426.4642588807383,10445.55010052245,@SPIROU
1426.5533875070714,11407.936060106234,@SPIROU
1426.8262230021278,22315.26490439474,@SPIROU
1427.3678873335728,8265.395659784132,@SPIROU
1427.4480774164508,32083.23793332614,@SPIROU
1427.948138635757,225056.26043735977,@SPIROU
1428.3083710975336,1421599.9940498513,@SPIROU
1429.1478281276127,11564.34034206824,@SPIROU
1429.5416757816974,8257.907945996882,@SPIROU
1429.6177141093603,3931.0080398598093,@SPIROU
1429.8565556336753,13478.10600485516,@SPIROU
1431.0925880608606,48769.22045597168,@SPIROU
1431.227678760934,6572.067471209563,@SPIROU
1431.8565073495888,2553.3194106127867,@SPIROU
1432.4538969781702,8201.545425049495,@SPIROU
1432.815352522422,11532.22340786402,@SPIROU
1432.9085285028623,7821.439508588963,@SPIROU
1433.0910434256562,8468.273415578984,@SPIROU
1433.23035552192,90667.58924078001,@SPIROU
1433.690672927922,25953.742490494362,@SPIROU
1433.8695008356551,22760.695755413046,@SPIROU
1434.366131474294,42843.45758795565,@SPIROU
1434.7739529232117,33030.62959318032,@SPIROU
1435.0387004784693,13761.380082879456,@SPIROU
1435.6079732785138,39686.34616357832,@SPIROU
1435.9428429748953,8425.365875440773,@SPIROU
1436.5864233306384,146480.85430107516,@SPIROU
1437.397700651125,101361.8776950431,@SPIROU
1437.7710215582542,8130.622052509729,@SPIROU
1438.3174608683207,30169.809090281447,@SPIROU
1439.0143074448029,80971.52299129138,@SPIROU
1439.612596266082,245371.11338779976,@SPIROU
1440.0579825104041,6029.474434897475,@SPIROU
1440.3045499010404,4775.074605163025,@SPIROU
1440.399398074355,16524.807602001743,@SPIROU
1440.5975281401602,9424.46093138072,@SPIROU
1440.760321113138,3361.403938369673,@SPIROU
1441.4022988824163,5017.03668311817,@SPIROU
1441.5118937164439,81566.27807989779,@SPIROU
1441.6831779139404,698.9204973180485,@SPIROU
1441.8474933504717,3227.5458908585997,@SPIROU
1441.963397571123,39440.86446793082,@SPIROU
1442.1244344487598,12701.753755000873,@SPIROU
1442.3942528170055,55217.59000176513,@SPIROU
1442.570723940439,24402.34642312146,@SPIROU
1442.712268137049,1385.2412471155867,@SPIROU
1443.3164075197662,3543.8124994893374,@SPIROU
1443.710098531427,11345.498910316675,@SPIROU
1444.1112806452882,430828.9519836075,@SPIROU
1444.2403235609418,8196.44154365622,@SPIROU
1444.3885094891602,34395.77394777576,@SPIROU
1444.6117671745133,39930.10096722003,@SPIROU
1444.7489771105118,5076.92389202202,@SPIROU
1445.1227066905897,111253.30854437385,@SPIROU
1445.509231310962,2776.575423400493,@SPIROU
1445.7725627063635,208532.80428468826,@SPIROU
1446.369221626891,6429.486095414999,@SPIROU
1446.630954682185,10979.852509709406,@SPIROU
1446.932615190247,210462.16850431543,@SPIROU
1447.1834882666767,10582.108800791842,@SPIROU
1447.9407459772915,12322.191521230005,@SPIROU
1448.049712858151,4630.904804124823,@SPIROU
1448.8525776725621,15515.319170704446,@SPIROU
1449.0796397507474,52345.98384544089,@SPIROU
1449.564330692776,14151.344629388997,@SPIROU
1449.7227849383762,5278.20977873764,@SPIROU
1449.994478370141,75672.14249814127,@SPIROU
1450.1079447412872,55283.89206268579,@SPIROU
1451.4765826036667,115693.42075103056,@SPIROU
1451.9052920772674,5545.339075853153,@SPIROU
1452.6464837243961,39861.871312395524,@SPIROU
1452.9185304220077,11766.583126950673,@SPIROU
1453.2138104638416,24739.679596869886,@SPIROU
1453.305161933602,61808.13277829261,@SPIROU
1453.4407184372028,6299.009384308585,@SPIROU
1453.543596236611,5914.435582001998,@SPIROU
1454.3278890519418,10578.5876131826,@SPIROU
1454.501534083646,52139.950204333916,@SPIROU
1454.8795617057203,67715.06511937568,@SPIROU
1455.198204588711,121190.93638814813,@SPIROU
1455.3297860157563,14666.886384318623,@SPIROU
1455.4566221488003,13171.08091340795,@SPIROU
1455.6484563423612,18075.11514506071,@SPIROU
1455.9881683483309,12311.260620085377,@SPIROU
1457.1625645635893,6020.922247824498,@SPIROU
1457.7339164110801,5067.449883598658,@SPIROU
1458.5561768065581,19453.238830251456,@SPIROU
1459.0762007990766,63899.62311364972,@SPIROU
1459.3070475225413,15921.079184527298,@SPIROU
1460.1253230895566,523098.2040884828,@SPIROU
1460.3179816989225,302339.47073320695,@SPIROU
1460.6902334737238,4122.355247788417,@SPIROU
1460.7922593061203,17744.924909428293,@SPIROU
1461.1700798186653,6037.188541704016,@SPIROU
1461.7150217466938,17363.33755600586,@SPIROU
1461.8026777479656,3435.5039324850068,@SPIROU
1464.1383564957034,11811.775083134477,@SPIROU
1464.5009309146353,243650.45980712085,@SPIROU
1464.5957475768948,1711.8694706083174,@SPIROU
1465.2081022860953,13970.425391214789,@SPIROU
1465.2993630538979,18166.710517366308,@SPIROU
1465.6388655388541,51214.56377780363,@SPIROU
1466.0195047393645,12791.997804570645,@SPIROU
1466.125798803384,44941.87595002252,@SPIROU
1466.629215985687,3802.069276927282,@SPIROU
1467.0731769957797,26106.179110829362,@SPIROU
1467.7424393494243,43661.521117385055,@SPIROU
1467.8878793096278,211712.3957691167,@SPIROU
1469.174482933247,8964.483267547785,@SPIROU
1469.6524201724806,14340.877695295865,@SPIROU
1470.2475178149973,2011.3883796296586,@SPIROU
1470.6780780801366,5975.161164306486,@SPIROU
1470.8683649029101,30594.21323725356,@SPIROU
1471.333508450812,419937.9797170155,@SPIROU
1471.6451827066328,11418.294160644236,@SPIROU
1471.968465476071,13751.43316591929,@SPIROU
1473.0907309908712,20676.024397927657,@SPIROU
1473.3347282827317,3857.779329928323,@SPIROU
1473.4994649617506,18544.30034291245,@SPIROU
1473.576029752795,16944.550434173856,@SPIROU
1473.8170285508713,35522.943269525334,@SPIROU
1474.2031149052573,23534.139580746407,@SPIROU
1474.3759371017557,66110.3910256967,@SPIROU
1474.5240558302532,119558.08184492729,@SPIROU
1475.287334266393,24883.621500053538,@SPIROU
1476.1363994752205,33171.08305109336,@SPIROU
1476.3723934871423,1204828.7319262717,@SPIROU
1476.906288809566,83290.46136891877,@SPIROU
1477.1518051927428,29012.929299407082,@SPIROU
1477.9196425056912,16490.513498026816,@SPIROU
1478.0380967502879,3380.3602436941114,@SPIROU
1478.2585790845321,9089.115325365623,@SPIROU
1478.6195930025008,4241.33498377661,@SPIROU
1479.1305215937439,91844.54985195506,@SPIROU
1479.7809523130823,22336.214659068246,@SPIROU
1480.0752152104674,10901.346569147123,@SPIROU
1481.1686017009201,95062.72807341572,@SPIROU
1481.4642666363495,251507.62947326383,@SPIROU
1482.3574406819557,44023.52342819695,@SPIROU
1482.6814546159064,7536.118447937736,@SPIROU
1482.9680490572405,5849.974353491779,@SPIROU
1483.6458691349208,12042.833971912449,@SPIROU
1484.1927206039672,21044.551895306362,@SPIROU
1484.381547717801,4739.248055883063,@SPIROU
1484.8073218256857,14492.811742778653,@SPIROU
1484.955794722935,13092.240195377097,@SPIROU
1485.3530897535359,10894.10063517205,@SPIROU
1485.57997702895,26347.462799243433,@SPIROU
1486.4908434183183,3150.7125590977766,@SPIROU
1486.891579226923,2097.106815160167,@SPIROU
1487.4480840664103,27735.015580615276,@SPIROU
1488.0818002463448,6279.423904672529,@SPIROU
1488.7367336051666,8414.599610773896,@SPIROU
1489.798117130587,7646.495256499191,@SPIROU
1490.0149125647295,10965.570900945575,@SPIROU
1490.530038687638,15973.534971233375,@SPIROU
1491.2416466831396,10543.435199652424,@SPIROU
1491.9275005292889,27834.224763340193,@SPIROU
1492.2317491333806,4964.669776447262,@SPIROU
1492.804449993926,9232.34058135774,@SPIROU
1493.0341768571648,4042.8442051858756,@SPIROU
1493.835610783595,5769.579725010539,@SPIROU
1494.030440703731,21010.768118837725,@SPIROU
1496.09074651678,4012.560962947685,@SPIROU
1496.3585415665848,7780.990328706279,@SPIROU
1496.4699971559821,30127.308192472527,@SPIROU
1497.8091272848055,32554.231276840954,@SPIROU
1497.882694838505,5665.3090622333,@SPIROU
1497.9767988916149,9284.414153943468,@SPIROU
1498.1820032166663,27560.686688246184,@SPIROU
1498.3371622278466,16682.755051514006,@SPIROU
1498.5081769968465,8145.474118837191,@SPIROU
1499.6830459052267,16169.279545490981,@SPIROU
1499.8307851715094,17498.938925068895,@SPIROU
1500.0523480130828,162497.4695633756,@SPIROU
1500.4341616449328,66666.32155700808,@SPIROU
1500.6815767444264,17508.236017600953,@SPIROU
1500.8875086648236,56859.620873973734,@SPIROU
1501.5056578873175,28211.425357494176,@SPIROU
1502.7842861754195,11229.345647004651,@SPIROU
1503.251507158647,6765.506749606768,@SPIROU
1503.5601372482358,246682.55667116767,@SPIROU
1503.6671408697598,22878.788183551325,@SPIROU
1504.14900150324,90255.40749787752,@SPIROU
1504.8072505961195,47215.316836522594,@SPIROU
1505.181368949828,60887.92403960251,@SPIROU
1505.765513379864,178579.31450207252,@SPIROU
1507.0474242556093,13309.900534464574,@SPIROU
1507.3018705364461,41346.80909185482,@SPIROU
1508.1657502729588,38880.783412637546,@SPIROU
1509.4586565069974,8862.231640817701,@SPIROU
1509.6376731302444,15751.557739557178,@SPIROU
1510.4132205305937,298423.4300187804,@SPIROU
1510.8612012557744,43913.6722821462,@SPIROU
1511.3417361948982,9338.39028873932,@SPIROU
1511.7744592113954,61282.441020300044,@SPIROU
1511.9048813358504,10509.79244407859,@SPIROU
1512.0751106451116,9121.9842339565,@SPIROU
1512.682329965029,10030.532026630746,@SPIROU
1512.8228234512965,3372.719041724735,@SPIROU
1513.53672908117,5891.222550997383,@SPIROU
1513.6816440257282,23238.232902015265,@SPIROU
1514.2362644421314,29612.500676597672,@SPIROU
1515.0113832308389,15149.98093321922,@SPIROU
1515.4027735403588,43680.55906527711,@SPIROU
1515.5331613660967,20583.332701071857,@SPIROU
1515.6639465640233,88641.75055542761,@SPIROU
1516.1658502974321,1249.6337414332597,@SPIROU
1516.42993803949,3002.7677613050932,@SPIROU
1516.5794793817486,6838.7842734272945,@SPIROU
1516.9544424393198,9299.564631856809,@SPIROU
1517.6124584163342,53371.01120113984,@SPIROU
1518.4264043422925,5269.623591406825,@SPIROU
1518.5797522677803,21895.952737494037,@SPIROU
1518.6966333016303,8760.286527819302,@SPIROU
1518.9056888892922,6382.718299697501,@SPIROU
1520.403696443637,31985.89630545221,@SPIROU
1520.4894735040873,167854.48692941523,@SPIROU
1520.7298654810136,8306.951005118866,@SPIROU
1520.8790576031283,5106.30914633664,@SPIROU
1520.9987416065387,7555.720284195552,@SPIROU
1521.2700557709281,11064.799558850988,@SPIROU
1521.6487565491982,4468.1814641315095,@SPIROU
1522.7247126350835,15590.804667424485,@SPIROU
1523.1702045635056,15057.689109929986,@SPIROU
1524.0762945715321,81196.90398551108,@SPIROU
1524.6586474878147,6422.795864550146,@SPIROU
1525.1839903287248,3598.3644050917846,@SPIROU
1525.6777368899047,27209.565625874602,@SPIROU
1526.214373197838,3593.5348777783597,@SPIROU
1526.3486936515187,7960.2437970323845,@SPIROU
1526.4791732878916,82780.44895108626,@SPIROU
1526.953600604485,2529.5451821345087,@SPIROU
1527.2080661968293,31772.94226935802,@SPIROU
1527.8141750512214,143340.93451585277,@SPIROU
1528.0909126435317,256546.63039760338,@SPIROU
1528.6970517696145,3478.912837376145,@SPIROU
1529.0315659494745,6328.393610675369,@SPIROU
1529.378889936214,218268.13982054597,@SPIROU
1530.232755044669,26128.06650211638,@SPIROU
1530.3825137682538,4074.023639534022,@SPIROU
1530.5562375506404,3522.100282520585,@SPIROU
1530.7808289106429,16789.65261845844,@SPIROU
1531.5070100274438,117320.11022676737,@SPIROU
1532.1758718650756,15273.721921034537,@SPIROU
1532.512451839354,26338.487326586175,@SPIROU
1532.7732148025589,138470.359860181,@SPIROU
1533.4594349077715,2669.7384347037014,@SPIROU
1534.3162817652178,16938.5402878615,@SPIROU
1534.6510999312145,16541.38700639688,@SPIROU
1536.3743175116863,16814.387711168914,@SPIROU
1536.66128634379,22433.569822344238,@SPIROU
1536.7931020647907,52405.131898809326,@SPIROU
1537.7525141530896,40147.99134704503,@SPIROU
1538.5951224034811,45765.39139008523,@SPIROU
1538.82135165905,157397.00330694852,@SPIROU
1538.988140498977,101729.74190062773,@SPIROU
1540.4415442125785,19258.222534162524,@SPIROU
1540.7338937136565,34013.13426690631,@SPIROU
1541.8627646128903,10597.31921167056,@SPIROU
1542.5007957755638,34901.412670555976,@SPIROU
1544.5088712026823,7328.627942856416,@SPIROU
1544.6153122017777,7636.758106272001,@SPIROU
1545.1597730136418,16394.073500071594,@SPIROU
1545.2544604252819,8711.772931696582,@SPIROU
1545.3720424176436,3371.30783547058,@SPIROU
1545.5465091171575,921910.1186194116,@SPIROU
1545.8505741595873,37625.754261879614,@SPIROU
1546.3464973855225,2655.5625727656666,@SPIROU
1546.4854763729568,1634.0972828686085,@SPIROU
1546.724428162935,16782.098150600104,@SPIROU
1547.4478603270863,23292.963881820495,@SPIROU
1548.7556940481404,4096.340266181685,@SPIROU
1549.4604311798366,1584.1749793054153,@SPIROU
1550.181527210061,91358.13836651162,@SPIROU
1551.0867070827908,26478.606017319336,@SPIROU
1551.3977109550774,4337.551731150023,@SPIROU
1551.5141935706686,2223.3026728370814,@SPIROU
1551.6695406904335,4292.717503073283,@SPIROU
1551.907336210797,20302.155653961454,@SPIROU
1552.7292409344864,12112.185856541097,@SPIROU
1553.4966002729473,68721.9238500889,@SPIROU
1553.6165238401354,72382.56160853662,@SPIROU
1553.9626443777215,5980.888977196247,@SPIROU
1554.0553999985264,11064.857680984625,@SPIROU
1555.514444914073,12965.943468907943,@SPIROU
1555.6623376034354,8384.757988445845,@SPIROU
1555.8604728961448,42492.05260130593,@SPIROU
1557.8588677287364,6407.044211417244,@SPIROU
1558.5625584060717,23882.833860030136,@SPIROU
1558.7404397999644,58490.018904334625,@SPIROU
1559.0478813211053,14147.853214832834,@SPIROU
1559.2566454672938,10957.24509282166,@SPIROU
1560.003731823148,695006.7229482258,@SPIROU
1560.3996273351795,78579.63045381807,@SPIROU
1560.5390577977696,9108.341174522224,@SPIROU
1561.6200874455487,9256.783335919126,@SPIROU
1562.491052899892,18436.059420225974,@SPIROU
1562.5854234374706,82137.84264824944,@SPIROU
1562.694745580117,4044.833369790714,@SPIROU
1563.881259296981,92463.64413809116,@SPIROU
1564.559706012856,6940.18098035277,@SPIROU
1565.2000338414205,10540.511486762345,@SPIROU
1565.5829565859922,57836.91154178216,@SPIROU
1565.837876138306,27113.864987575816,@SPIROU
1566.6921847115573,22463.72085816849,@SPIROU
1566.9160382791638,41073.79999710042,@SPIROU
1567.3642711831512,27760.946994633345,@SPIROU
1567.8432414871538,66448.68948230898,@SPIROU
1568.1171762857957,23426.327933157092,@SPIROU
1568.2330379545726,55756.46295049152,@SPIROU
1568.4146151631116,17523.182370207443,@SPIROU
1568.7982479387401,201588.14892167272,@SPIROU
1569.1880546795896,103363.34187072635,@SPIROU
1569.820563104458,27661.306698710432,@SPIROU
1570.3250931849193,19307.840425584487,@SPIROU
1570.5986582972646,4425.245228209591,@SPIROU
1570.7125330873,3646.7729481755173,@SPIROU
1571.5162643522804,6041.936451115154,@SPIROU
1572.0509666191222,90659.8686235346,@SPIROU
1572.4573029821113,41823.60820492657,@SPIROU
1572.5477992775,12469.77741401179,@SPIROU
1572.8340981505858,3371.5148326023177,@SPIROU
1573.2273581018144,3580.5600626507044,@SPIROU
1574.3595180166553,4129.340162961251,@SPIROU
1574.565816467436,25945.3339102942,@SPIROU
1574.6613797353139,2402.5916972021173,@SPIROU
1574.9332405707714,193644.53694466734,@SPIROU
1575.253635126449,12179.276943386569,@SPIROU
1575.5657486776208,7256.6545735236705,@SPIROU
1579.2553097635737,878.9234714482136,@SPIROU
1579.458271163989,7209.6600766002375,@SPIROU
1579.7945758761548,9209.779669891435,@SPIROU
1579.9577988961255,7796.905643641432,@SPIROU
1580.3570233814685,4259.297577189116,@SPIROU
1580.5405926829467,2560.1893410334314,@SPIROU
1581.0968272544674,7160.247189283493,@SPIROU
1581.9043592223773,12441.25567585115,@SPIROU
1582.8882540035183,101690.31628609326,@SPIROU
1583.1495146364814,19523.312500806216,@SPIROU
1583.7935293293276,8585.128305374657,@SPIROU
1584.027481709226,4213.124609920814,@SPIROU
1584.4341505624027,3695.5106561745847,@SPIROU
1584.732485697276,1256.6508482953989,@SPIROU
1584.9178937068716,58806.861247899804,@SPIROU
1585.8100179880178,7002.807657257021,@SPIROU
1586.0735051433105,3098.559685617161,@SPIROU
1586.608098925803,28137.053494089465,@SPIROU
1586.7702469734281,7130.177018637682,@SPIROU
1587.151888306257,31247.52908263186,@SPIROU
1587.6381611105035,6418.534036666493,@SPIROU
1588.0081395218067,21025.940519548218,@SPIROU
1588.8573948440785,2141.3228330504926,@SPIROU
1589.4337110092486,13405.704014009814,@SPIROU
1589.7802756087226,25594.792286693682,@SPIROU
1590.511865564387,47672.99858565126,@SPIROU
1590.7383619340185,622070.7277862593,@SPIROU
1591.2722823700408,10940.32616637845,@SPIROU
1591.404282289259,29390.072354314376,@SPIROU
1592.1224328380772,8034.074227950083,@SPIROU
1592.392365058502,15176.583346851708,@SPIROU
1592.4834622122044,8605.736003737744,@SPIROU
1592.8078583527993,25514.838115985774,@SPIROU
1593.6236861821144,453260.958541272,@SPIROU
1593.99291066246,308526.2017503687,@SPIROU
1594.7490848024245,9028.187817037986,@SPIROU
1596.4158996274264,21823.607577935065,@SPIROU
1596.9975533830307,125927.06136124764,@SPIROU
1597.2609652034894,10260.444959655046,@SPIROU
1597.7685703714844,18117.279264394838,@SPIROU
1598.2501345555181,25501.05902530704,@SPIROU
1598.908504737054,109479.15318357409,@SPIROU
1599.7388135591073,19921.518729796422,@SPIROU
1600.4246797430897,17145.409610983552,@SPIROU
1600.6471350255356,22122.27001147113,@SPIROU
1601.2888843592173,274976.0537164449,@SPIROU
1601.4071188608257,11710.181295045097,@SPIROU
1601.9445551345307,6518.32627935078,@SPIROU
1602.0364962176666,12755.741558659909,@SPIROU
1603.4973494640517,6888.368726340896,@SPIROU
1603.7023034143863,20085.377839428627,@SPIROU
1605.4550540639411,16208.127436196439,@SPIROU
1607.0087084847523,21333.126181492,@SPIROU
1608.20499546382,4822.351153044991,@SPIROU
1608.6087928691106,8846.782072172713,@SPIROU
1608.9381524854648,12625.019850916986,@SPIROU
1609.729169225186,2704.718414891514,@SPIROU
1611.5335551683202,3075.489513772205,@SPIROU
1612.3670248635663,1219.4648154638016,@SPIROU
1612.577772993676,11311.76047129491,@SPIROU
1613.3382233907405,2140.897399757151,@SPIROU
1613.7507071964544,4901.954695219702,@SPIROU
1614.1297061430964,11064.20136980043,@SPIROU
1614.3058798878262,7284.769678674839,@SPIROU
1614.8439467404323,12870.354215006035,@SPIROU
1615.4853957850062,12079.124143724213,@SPIROU
1615.5913470887192,4311.724859429241,@SPIROU
1616.0124740119434,5121.997477117498,@SPIROU
1616.7266227107348,3699.53459542133,@SPIROU
1617.8968245333276,2780.790623100034,@SPIROU
1618.0848050146635,8956.87430915164,@SPIROU
1618.3967261722266,10660.641515802861,@SPIROU
1618.6623085351575,9998.514018174563,@SPIROU
1618.9652551956115,18576.93757515457,@SPIROU
1619.0958723903507,4496.59357794977,@SPIROU
1619.190007986142,2482.1155834256206,@SPIROU
1620.4538129908174,13387.21745081558,@SPIROU
1620.6011384161288,3747.764395623946,@SPIROU
1620.808912010607,3813.997279063189,@SPIROU
1621.165710694931,6652.362701165446,@SPIROU
1621.4628010993497,10807.12744740022,@SPIROU
1622.4193372799282,26464.76537521943,@SPIROU
1622.9044635317857,7721.470667155756,@SPIROU
1623.0625321378475,3333.2666350080403,@SPIROU
1623.1774003300668,3032.2693331362448,@SPIROU
1623.6526676048188,16458.1534828054,@SPIROU
1624.3179529529675,28686.5749649449,@SPIROU
1624.4678996495709,13002.77954669821,@SPIROU
1625.2437887552169,47177.8302348069,@SPIROU
1625.8606734567684,10916.243674526146,@SPIROU
1626.0268100211483,53368.94463233666,@SPIROU
1626.161571343282,19378.090597496503,@SPIROU
1626.3692300933458,5921.06661713267,@SPIROU
1628.0996718924437,212444.40398918232,@SPIROU
1628.5514963849807,5277.03479315276,@SPIROU
1628.7447038071382,10194.930984569753,@SPIROU
1629.0274539163427,9314.912523814499,@SPIROU
1630.9985495634432,44315.96343128012,@SPIROU
1631.1728128161708,11292.704015166593,@SPIROU
1632.3381104055702,144111.12897774274,@SPIROU
1632.6176416829026,12231.15296957881,@SPIROU
1632.8912396965677,12569.516296680828,@SPIROU
1633.3004315433318,12688.620787134792,@SPIROU
1633.5637141433936,32851.35108337261,@SPIROU
1633.6779012934808,24157.148017701176,@SPIROU
1634.7490518762706,82257.13306590571,@SPIROU
1635.7611916830408,43040.586593761036,@SPIROU
1636.253070754445,27718.27068746461,@SPIROU
1636.3783584727764,66838.45468892381,@SPIROU
1636.5372882058507,73413.59113177528,@SPIROU
1636.7575410399081,16863.526377052338,@SPIROU
1637.3759761945737,4042.925736231936,@SPIROU
1637.8565442870488,11429.923748692567,@SPIROU
1639.1199564818876,20368.258973174135,@SPIROU
1639.8577746712963,10189.140946922762,@SPIROU
1640.2296266516032,3238.4455135266808,@SPIROU
1640.7066249265945,87413.19117294869,@SPIROU
1641.3995682574143,25696.482255759533,@SPIROU
1641.6357395011364,30067.94411728036,@SPIROU
1642.1366809927345,43846.42102323353,@SPIROU
1643.2430609883845,64899.51385099176,@SPIROU
1643.957920883345,83503.46832972622,@SPIROU
1644.4146839863001,26873.080909371696,@SPIROU
1644.5338872165507,3885.0941162710806,@SPIROU
1644.8557343307637,92134.46768317904,@SPIROU
1645.2586323412572,4568.3200306604995,@SPIROU
1645.4070529246205,6854.701905540317,@SPIROU
1645.8209524725082,37248.71221447911,@SPIROU
1646.5030265000894,4679.944285924455,@SPIROU
1646.7197430013616,41219.35639949327,@SPIROU
1647.6616094860462,15483.892986840186,@SPIROU
1648.4892818762814,4008.9761440548705,@SPIROU
1648.670355144913,1990.8810135607894,@SPIROU
1648.8731600841593,45203.04770884795,@SPIROU
1650.7069781090217,1819.4530405376254,@SPIROU
1650.8268779135412,6920.196706222399,@SPIROU
1651.207396464402,14221.423283174478,@SPIROU
1651.7396373048723,4795.644509894473,@SPIROU
1652.0740573251092,6534.821257245203,@SPIROU
1652.829904847877,18343.541515263256,@SPIROU
1653.4479546812993,15750.499304061454,@SPIROU
1654.1888212058325,1448.975556397687,@SPIROU
1654.896326010379,9493.98452425024,@SPIROU
1655.8986185370518,8197.087873522287,@SPIROU
1656.4033606999578,6904.395701354326,@SPIROU
1656.5335493539,4350.817757105548,@SPIROU
1656.6496612218314,1730.302698663345,@SPIROU
1656.84506980475,4191.175101773992,@SPIROU
1657.1655220144016,5106.53251382257,@SPIROU
1657.4694628534216,92629.9428472314,@SPIROU
1658.1998705866092,7901.753800904551,@SPIROU
1658.8669140873753,13989.982343388654,@SPIROU
1660.1224990920111,2792.811274988106,@SPIROU
1660.5070575580453,90901.67026766375,@SPIROU
1661.7514369755045,10513.583321677796,@SPIROU
1662.510187274886,6221.504629419632,@SPIROU
1663.078467472335,12270.808809221753,@SPIROU
1663.1702361530965,5295.217702417155,@SPIROU
1663.637237237451,3971.104720993008,@SPIROU
1664.5479034516097,4802.094802291207,@SPIROU
1664.975901750177,4834.213805374962,@SPIROU
1665.1685303579802,61842.446463951725,@SPIROU
1667.273491157921,133913.48199273378,@SPIROU
1668.019080320239,79697.26624275366,@SPIROU
1668.852155799046,6515.146754707583,@SPIROU
1670.1938535633385,12109.421713061558,@SPIROU
1670.3603400243965,5974.4445905950215,@SPIROU
1671.186675046819,58648.12443289647,@SPIROU
1671.4979413064764,66399.96674318094,@SPIROU
1671.7890705878722,19589.710929540423,@SPIROU
1672.1550336551318,28388.60340749749,@SPIROU
1672.8614940978487,4717.112483117721,@SPIROU
1673.4033489394033,9478.541845184427,@SPIROU
1673.5145387531516,81459.72622139333,@SPIROU
1673.6389774867835,24023.0383184299,@SPIROU
1673.8813196898723,67411.87916096466,@SPIROU
1674.2275111281879,23958.60509002721,@SPIROU
1674.5477331461893,36749.70076266755,@SPIROU
1675.0295431283944,40411.689122649695,@SPIROU
1675.278741890309,7702.980611553379,@SPIROU
1675.607239943649,18335.424968646184,@SPIROU
1676.1413864715178,45902.26280807877,@SPIROU
1676.823682929577,59143.998561090644,@SPIROU
1677.0884292319738,200829.18318015191,@SPIROU
1677.2280798382183,59097.68658208671,@SPIROU
1677.6270209149554,42535.66639729544,@SPIROU
1678.0038652202352,36778.30291138806,@SPIROU
1678.4497920020408,13282.782287718917,@SPIROU
1679.0738064592138,9570.031563682029,@SPIROU
1680.5960176619494,26681.268951936527,@SPIROU
1680.8541522151029,1988.9953892743729,@SPIROU
1681.078588759372,2008.1182712943064,@SPIROU
1682.7190421046694,8462.455730642323,@SPIROU
1682.8867137920802,75316.76063719201,@SPIROU
1683.3207454262479,17679.187981946456,@SPIROU
1683.705478909576,5131.051760211218,@SPIROU
1684.871511812399,1626.7507691449491,@SPIROU
1685.8583694750346,18246.78909468792,@SPIROU
1686.941008837694,11942.831765278272,@SPIROU
1688.9760819928233,62262.03169196265,@SPIROU
1689.2886215559813,7896.562870647973,@SPIROU
1689.6777849984542,3782.926414608837,@SPIROU
1691.0619390320935,521923.1214353305,@SPIROU
1691.24641564255,131868.12646469008,@SPIROU
1691.879832711646,7102.786516262548,@SPIROU
1692.186292359332,64532.110239316564,@SPIROU
1692.4172265712061,5478.391907539509,@SPIROU
1692.5968168782338,4272.1364072891865,@SPIROU
1692.9904667895116,10274.09471627499,@SPIROU
1693.6003581610444,629856.8468170548,@SPIROU
1693.782971455429,1980.81722661791,@SPIROU
1695.6999608953124,12663.129005363842,@SPIROU
1697.882027497516,10419.228426159738,@SPIROU
1699.2566930566834,6656.619358079424,@SPIROU
1699.8556770728444,7848.961193010553,@SPIROU
1701.3304892663552,15242.026583628734,@SPIROU
1702.0402114710137,16438.323043862176,@SPIROU
1702.9539687263864,5132.179331109406,@SPIROU
1704.0429673172598,4036.851347332703,@SPIROU
1704.2447171444921,5419.397653606615,@SPIROU
1704.8473421705667,9006.837747475622,@SPIROU
1706.0105964317868,43859.24864350852,@SPIROU
1706.4294099599933,34816.69274512133,@SPIROU
1706.8873178820932,43930.347508692736,@SPIROU
1707.0199902226182,17894.321163738394,@SPIROU
1708.8471868528845,346771.6967594562,@SPIROU
1709.156684034158,5664.758424289138,@SPIROU
1709.790211445435,53367.172279354665,@SPIROU
1710.7399350319772,10155.9609576605,@SPIROU
1710.9367217021631,12017.423004212262,@SPIROU
1711.1784270445298,4990.490077189982,@SPIROU
1715.310100933004,48812.01872469361,@SPIROU
1717.3912090117378,5635.807425466165,@SPIROU
1720.9181600975512,127565.93643971949,@SPIROU
1721.9834548056497,8847.638443619246,@SPIROU
1723.0482245340936,12941.486067115486,@SPIROU
1724.3850258442258,2612.408708122396,@SPIROU
1725.3415956644003,13718.10328727694,@SPIROU
1725.759118223196,11374.89729846962,@SPIROU
1727.132842907002,6240.484660322212,@SPIROU
1728.269748951805,6246.195682328904,@SPIROU
1728.473401330668,14804.019412090685,@SPIROU
1728.6311487160633,6987.228180056458,@SPIROU
1729.00120280514,2174.7938854256795,@SPIROU
1730.4132508860848,28181.24915911255,@SPIROU
1731.4213517711532,2200.5076152342453,@SPIROU
1731.7014580336402,2733.031182654939,@SPIROU
1732.1086649355318,5732.442723635097,@SPIROU
1733.7707383710915,11167.054928001735,@SPIROU
1734.7984185361338,16289.445616060675,@SPIROU
1735.1579158292275,4578.652741623451,@SPIROU
1736.666205815785,14052.199139441193,@SPIROU
1737.3376212182893,26146.372378746928,@SPIROU
1738.2229320389501,7896.481699552116,@SPIROU
1739.7600215901725,11266.740764743037,@SPIROU
1741.023445742294,7681.996456595076,@SPIROU
1742.1669391665366,6460.468917087222,@SPIROU
1742.7958509384694,15641.655410071357,@SPIROU
1743.0783181591753,811288.2324295128,@SPIROU
1743.258595331377,166409.15560002124,@SPIROU
1743.7089764338507,23490.70140524921,@SPIROU
1744.0700534415378,8359.434910597569,@SPIROU
1745.2787733312666,3202.4550338457702,@SPIROU
1745.5870544492832,1674864.7631388698,@SPIROU
1746.1976129492916,17532.22645635915,@SPIROU
1747.138565323222,4788.631197950731,@SPIROU
1749.1316736381052,11335.803429494752,@SPIROU
1749.5167139708428,8512.65698311721,@SPIROU
1749.9547095218836,53210.67440045457,@SPIROU
1750.2023013112964,27995.703402283285,@SPIROU
1751.1409353284591,5210.596818100313,@SPIROU
1752.134031192338,1572.8421665398528,@SPIROU
1752.7158012080054,31105.425504294977,@SPIROU
1753.4659349101123,36236.18460317711,@SPIROU
1754.4829144082382,4760.615061603961,@SPIROU
1755.0666531290265,8112.9947254638955,@SPIROU
1757.163106795133,134349.4008978294,@SPIROU
1759.059915924081,53193.90867370554,@SPIROU
1759.353670913127,23009.714310942167,@SPIROU
1759.5196899457032,4885.630840806669,@SPIROU
1759.8514951157586,3470.4697000820456,@SPIROU
1760.5657459336007,5085.777921868948,@SPIROU
1761.0634499183216,19108.98538111621,@SPIROU
1762.101072792436,11769.960190662146,@SPIROU
1762.5895283303719,22846.70761921846,@SPIROU
1763.5755719163747,36793.44226131071,@SPIROU
1763.7720389964352,7559.222796604105,@SPIROU
1764.5240252984154,2425.4870190588754,@SPIROU
1765.4504776003641,3979.261663074367,@SPIROU
1766.2625972424682,1763.9045523631162,@SPIROU
1766.8277213891597,6395.074894632027,@SPIROU
1767.3559731016217,4392.85407815988,@SPIROU
1768.463218165102,2777.592020663431,@SPIROU
1768.8304536857386,2646.8218200558913,@SPIROU
1769.8694089141627,10253.125359332009,@SPIROU
1771.1598586697883,7949.895557897951,@SPIROU
1772.7259010134358,11410.779222778941,@SPIROU
1773.159893222608,821148.3663868683,@SPIROU
1773.7290418646903,69517.54802792441,@SPIROU
1774.0818537987561,8856.028711017167,@SPIROU
1774.3259201315468,10094.821262040567,@SPIROU
1776.9223743178886,3415.0920608936367,@SPIROU
1778.3889731563393,46903.717609296655,@SPIROU
1778.5171917379826,171192.69990941824,@SPIROU
1778.958570991945,76370.7819475026,@SPIROU
1779.2442390043816,16885.619802695517,@SPIROU
1781.0901499978336,26233.679228285815,@SPIROU
1784.7239489818953,26126.654072102534,@SPIROU
1785.3046278437405,56017.17999857744,@SPIROU
1785.6444215218507,31990.027565142736,@SPIROU
1785.9730612707754,22936.476327689306,@SPIROU
1786.1267191841612,39672.168132489605,@SPIROU
1786.3863977658546,87920.03748782168,@SPIROU
1787.4476470684904,7997.157834907023,@SPIROU
1789.1182630205435,85520.77555154139,@SPIROU
1790.5062035551323,14090.451409466516,@SPIROU
1791.287675552,9408.55931329159,@SPIROU
1791.580418219547,21974.594233922893,@SPIROU
1793.066028015933,33893.269755118294,@SPIROU
1794.8894506900879,18910.743828237708,@SPIROU
1795.1631999810454,5954.015745924611,@SPIROU
1795.5938593837225,607725.3939999102,@SPIROU
1796.9795244717882,392980.0327790652,@SPIROU
1797.698022357057,11252.121226173851,@SPIROU
1798.1438854818812,4702.746385737463,@SPIROU
1799.302707486865,2809.8748996216636,@SPIROU
1799.423264274745,66975.89167273372,@SPIROU
1800.4033249524305,9757.588080242695,@SPIROU
1800.5717240187437,13961.077807085154,@SPIROU
1801.0783908480437,43431.535048607584,@SPIROU
1801.1692871016357,55654.69179788371,@SPIROU
1801.7155335342163,2338.3095880749006,@SPIROU
1802.1210989649535,10405.844872707614,@SPIROU
1802.9244090384727,2588.0736969386385,@SPIROU
1803.1922045646727,27454.34087273525,@SPIROU
1803.7082886718426,6807.628164056937,@SPIROU
1807.4234430937408,3497.768325196011,@SPIROU
1807.6738158583807,5268.895242754299,@SPIROU
1808.245457796134,2988.228810792473,@SPIROU
1809.5308841225633,102044.0734631397,@SPIROU
1809.7357180249714,2168.638849747589,@SPIROU
1810.45236833095,357136.1705527876,@SPIROU
1810.682921900518,4426.0452300726165,@SPIROU
1811.5471244634764,38209.895884343656,@SPIROU
1812.190679088707,22937.6461350561,@SPIROU
1812.8094725201847,2749.736096286644,@SPIROU
1814.1608566989878,1390781.796763705,@SPIROU
1814.642679425814,4300.185248254735,@SPIROU
1815.1881405521037,3440.3671169025597,@SPIROU
1816.0598874298862,42042.66520852859,@SPIROU
1816.489111746319,7695.739136103059,@SPIROU
1817.8383129747679,9217.878537226432,@SPIROU
1817.9491796233995,8121.535703062536,@SPIROU
1818.9967583396408,33584.78428426992,@SPIROU
1819.5014712140598,32784.6068052967,@SPIROU
1821.866250590621,110676.82596514848,@SPIROU
1826.3711858090137,33885.92310817652,@SPIROU
1827.10016736542,31142.06992648544,@SPIROU
1832.606203472118,4109.957520485901,@SPIROU
1832.729118651112,4693.400730190275,@SPIROU
1833.0327913780402,8468.761961942688,@SPIROU
1833.781223165205,6604.143238532515,@SPIROU
1835.157500409713,17426.928201026007,@SPIROU
1835.365698708627,21045.244502891794,@SPIROU
1837.1975550669486,1503866.8622953685,@SPIROU
1841.5626067916098,12639.746442389307,@SPIROU
1843.7755271999167,6255.348377033927,@SPIROU
1845.8838669197557,28940.983088242174,@SPIROU
1847.5029435135732,10433.496339210938,@SPIROU
1850.2216827728023,3545.6306404386637,@SPIROU
1851.6047627041535,8030.476913884893,@SPIROU
1851.7980019848403,9793.473918709908,@SPIROU
1853.5220029744808,4110.981353624886,@SPIROU
1854.1081754220108,223978.9290765444,@SPIROU
1855.0108641216598,12892.954832524998,@SPIROU
1861.8293601436976,371330.6104817464,@SPIROU
1863.9520998321966,2318697.4668830745,@SPIROU
1865.3972810866305,2729.3348378129413,@SPIROU
1869.2470332132457,170113.41438982266,@SPIROU
1872.0501392095348,402318.969002984,@SPIROU
1878.5345387672255,9504.458101398148,@SPIROU
1878.679011196085,16459.764084139773,@SPIROU
1879.1356787556842,8209.245721431109,@SPIROU
1880.0864382784491,18997.582421516607,@SPIROU
1880.4036155316826,21608.6405290342,@SPIROU
1880.6684919255867,5744.393111024487,@SPIROU
1880.876119665478,6297.129199878453,@SPIROU
1882.6857635212277,13390.529630731606,@SPIROU
1883.3960134537083,14821.558820805418,@SPIROU
1883.5946493161769,17714.213678827306,@SPIROU
1883.9450284059326,51175.73051679769,@SPIROU
1884.87627405694,11783.672922480506,@SPIROU
1886.0816898921337,716012.4291863011,@SPIROU
1886.2971953074305,6495.378313974179,@SPIROU
1886.9087872375524,4293.961514355931,@SPIROU
1888.0054033536455,304654.11968242005,@SPIROU
1889.9583510438547,6343.234566495083,@SPIROU
1891.854091984377,33652.02827978127,@SPIROU
1892.735006160681,6114.863259566338,@SPIROU
1892.9010555729851,41699.83518024829,@SPIROU
1893.0849828529663,11605.502786248875,@SPIROU
1896.7540790399016,6839.273810692519,@SPIROU
1897.3262609376957,3640.1802475684467,@SPIROU
1898.4202365443505,8818.118195071123,@SPIROU
1898.6021464533094,5637.227289270345,@SPIROU
1898.8604688642486,2397.758089892042,@SPIROU
1900.2326200977418,2979.815129159203,@SPIROU
1901.9651961837985,9068.696879812582,@SPIROU
1903.4586363351696,749116.6251641148,@SPIROU
1905.3751406694828,139576.2951821262,@SPIROU
1908.1357187627973,14236.690982346088,@SPIROU
1908.3357342353163,26135.708450915517,@SPIROU
1908.704144801265,9868.171918297396,@SPIROU
1910.1715298348936,3591.0848800218214,@SPIROU
1911.8450006107078,67987.92583751937,@SPIROU
1913.1365049263115,11958.198594513124,@SPIROU
1913.4100324567316,14555.862945058734,@SPIROU
1915.3484079506673,42931.598154122854,@SPIROU
1916.1059304462844,10857.418911083325,@SPIROU
1916.8376366241625,30461.49711975668,@SPIROU
1917.3585497424965,15310.622678966203,@SPIROU
1918.7323285262637,65143.72894866286,@SPIROU
1920.03041225604,21200.19945063522,@SPIROU
1922.6767122604733,22646.9761586984,@SPIROU
1923.6452312107012,6932.719602469313,@SPIROU
1924.234604484031,11985.32374010647,@SPIROU
1924.8962592764537,5127.826032399492,@SPIROU
1925.276863368777,14242.402381702868,@SPIROU
1925.6167981703466,4661.921621574848,@SPIROU
1926.593702527322,19621.802875449343,@SPIROU
1929.191895485401,11641.993069279386,@SPIROU
1930.3565172905678,29984.37178558013,@SPIROU
1931.9447066636787,4147.897425866572,@SPIROU
1932.3319196017533,175615.7001655989,@SPIROU
1933.3113883950712,20750.24827313068,@SPIROU
1934.267139369245,9565.67451108605,@SPIROU
1936.6170820850866,248774.09009614034,@SPIROU
1941.509199914814,3302.292475267442,@SPIROU
1941.6411219552444,5361.393666995577,@SPIROU
1944.0962319407095,42445.67515650931,@SPIROU
1944.831763645593,6070.121188778066,@SPIROU
1948.1442973802982,5989.951902157787,@SPIROU
1949.2531703539944,12869.01175420184,@SPIROU
1949.8073754701375,9851.232205858396,@SPIROU
1953.5021032215598,3069.5073588161003,@SPIROU
1956.6698127957898,117108.2994165533,@SPIROU
1959.1593928411426,13783.932787763108,@SPIROU
1959.3514623087417,22772.82684524407,@SPIROU
1959.709131918412,11060.718630951325,@SPIROU
1960.2169590168603,5509.14138832583,@SPIROU
1960.4684396710659,2803.341372059936,@SPIROU
1960.5972900924571,12976.31891481086,@SPIROU
1962.8922388369726,12166.952807980077,@SPIROU
1963.6934811555352,6785.3186809601775,@SPIROU
1964.3142919705997,8306.451874881765,@SPIROU
1964.5384150494738,9101.024430829459,@SPIROU
1965.296169281296,7384.7466261016225,@SPIROU
1965.5936968960634,12134.719037120349,@SPIROU
1967.878849769489,52535.023217119895,@SPIROU
1968.933505992663,11379.550943837106,@SPIROU
1970.0658994635955,17480.645641781648,@SPIROU
1970.344278604995,29204.426068348654,@SPIROU
1971.0121618003448,25991.366815961832,@SPIROU
1972.2301914603127,71315.04753993503,@SPIROU
1972.6448769085932,12879.123295420068,@SPIROU
1973.6655811793455,31322.359488034068,@SPIROU
1974.8106263908944,5778.149212002387,@SPIROU
1975.1279677838306,6141.8525551249295,@SPIROU
1975.796863656883,4105.488770743429,@SPIROU
1977.567517515716,116227.51830053562,@SPIROU
1978.0238410616348,13680.51473083284,@SPIROU
1978.3453399540563,11377.93842518523,@SPIROU
1978.531954783205,5436.223517823664,@SPIROU
1978.7696878962752,5150.214090880349,@SPIROU
1979.5214732003326,3146.4336486914826,@SPIROU
1979.6966235627233,3545.9395781186176,@SPIROU
1980.8024335502719,702548.2880176344,@SPIROU
1982.1116795709904,11152.88104470275,@SPIROU
1982.5135496984835,12531.04396671919,@SPIROU
1983.163864482098,29672.78593552107,@SPIROU
1985.2760583332888,4213.968635302055,@SPIROU
1986.2504644906967,6324.010773779263,@SPIROU
1988.6379454178705,6380.819911796789,@SPIROU
1989.124685031832,25683.865696774676,@SPIROU
1989.5906315124616,4880.742856807351,@SPIROU
1990.6938730982497,11752.312900474608,@SPIROU
1990.7945399734738,7503.336012323036,@SPIROU
1991.493981623,2548.374698819299,@SPIROU
1992.9721389931844,3775.3485947771896,@SPIROU
1995.2882111571234,2975.3888164970676,@SPIROU
1995.6993898829246,3067.259349999649,@SPIROU
1996.8888294326155,11193.685366051537,@SPIROU
1998.5003217501048,7420.801275251086,@SPIROU
2000.9357604348866,6706.665179855983,@SPIROU
2002.7118264553137,12230.957277094763,@SPIROU
2002.9152465397437,50112.94082722571,@SPIROU
2003.0664514863092,4957.095764027898,@SPIROU
2004.1738462022254,12204.278182779515,@SPIROU
2004.5326336022017,9609.938200382614,@SPIROU
2004.6643209456993,25543.638281223604,@SPIROU
2007.084708075841,66794.57359271287,@SPIROU
2009.8636550700435,48308.791111096274,@SPIROU
2011.727000869158,4355.260225071957,@SPIROU
2012.1260374296853,19344.96710855489,@SPIROU
2013.7291007122612,3953.049016304568,@SPIROU
2016.1610083510905,35462.87159871918,@SPIROU
2019.963455094814,12718.720645055035,@SPIROU
2020.6644968105206,108024.52860366323,@SPIROU
2021.0448106859812,8514.70553945947,@SPIROU
2021.487681681193,96060.35405843331,@SPIROU
2021.8111743665095,9948.550657084488,@SPIROU
2021.9139214055813,4254.304305893901,@SPIROU
2024.0728256132406,11637.40137537727,@SPIROU
2024.2255525518806,18411.5540452587,@SPIROU
2026.6601622436115,15471.161052814852,@SPIROU
2027.694446428397,183590.5605303017,@SPIROU
2028.9226729800675,10599.637327680219,@SPIROU
2029.3552637398993,8819.492616179856,@SPIROU
2029.5115960372316,19995.564798664636,@SPIROU
2030.7848363448693,7511.220675149927,@SPIROU
2030.9655009679318,3365.978637412328,@SPIROU
2033.333024327445,7130.342536426154,@SPIROU
2033.8696038088406,18144.97757796476,@SPIROU
2035.5770459281857,15278722.986954384,@SPIROU
2036.469814137347,8002.401556764606,@SPIROU
2037.968354830702,138205.9149210212,@SPIROU
2038.4793586912342,6649.715241618834,@SPIROU
2038.6981515813802,8900.573384158743,@SPIROU
2038.9551630399708,10411.994346920206,@SPIROU
2039.6000095839076,9234.16040416128,@SPIROU
2039.9127343610503,17320.747318456215,@SPIROU
2040.1367736192499,3363.230686348718,@SPIROU
2040.3512632808263,4749.8775219667,@SPIROU
2041.244716146677,11313.146164864807,@SPIROU
2041.4431493392142,10725.991682415486,@SPIROU
2043.5354109574673,3693.9532197376384,@SPIROU
2043.6372442269524,6356.8351308016445,@SPIROU
2044.7587026050905,48217.56672630769,@SPIROU
2044.8678407486182,6308.861677503729,@SPIROU
2045.080088364135,3415.596592616334,@SPIROU
2045.5004714129632,14679.11075864892,@SPIROU
2048.015554357632,4898.798914848943,@SPIROU
2048.5659695564873,3319.4192108691063,@SPIROU
2049.2961905655566,5193.739850689048,@SPIROU
2051.1657290326802,7342.610331167444,@SPIROU
2051.339224240227,12634.251313663657,@SPIROU
2051.5415453862042,5280.286542079832,@SPIROU
2052.289307570545,492703.09133725136,@SPIROU
2053.1211336686647,11801.368917741416,@SPIROU
2054.4663330505678,3223.16226807406,@SPIROU
2057.265782861522,41498.2271387004,@SPIROU
2058.4220938393682,99257.94584923243,@SPIROU
2059.0888044428502,25100.92210419948,@SPIROU
2059.2441578230028,65364.68228104644,@SPIROU
2059.5906300344614,5704.719170484223,@SPIROU
2061.6904234596145,9855.377251602966,@SPIROU
2062.5584688287126,7671.719230084798,@SPIROU
2065.0226952111234,8209.393734298887,@SPIROU
2066.2334037912233,4304.0101663197665,@SPIROU
2067.063165606445,20756.774592191126,@SPIROU
2067.9257413052883,6601.490785749222,@SPIROU
2069.6298488368193,927937.2728027967,@SPIROU
2069.957453837992,7824.511081196228,@SPIROU
2070.937002116383,125162.86252214578,@SPIROU
2071.349572663973,4353.5636286238905,@SPIROU
2071.5550600377205,25372.33566070554,@SPIROU
2073.075001282852,9986.145135398934,@SPIROU
2075.125337793806,57064.75695485542,@SPIROU
2076.3976613801224,28195.143264250804,@SPIROU
2076.6413855345086,10563.21123809148,@SPIROU
2077.7863070136264,244072.0340981031,@SPIROU
2080.3858851817904,10034.767018948629,@SPIROU
2080.9791149670327,6619.484052474689,@SPIROU
2082.6975922173924,5735.282393401739,@SPIROU
2083.4234881914035,4887.480747165316,@SPIROU
2083.7301263532136,46145.27631794883,@SPIROU
2087.1674746515046,18815.736355360204,@SPIROU
2089.7452489195366,20456.637767526867,@SPIROU
2090.4815966719216,16989.815200055047,@SPIROU
2091.5708736236556,9637.885347314968,@SPIROU
2092.633519793566,13392.639248194326,@SPIROU
2092.8007799862335,11683.296126929721,@SPIROU
2097.3993022750547,10806.658844451842,@SPIROU
2099.507126227632,7015.051250483409,@SPIROU
2099.8827475517046,5391.088875019285,@SPIROU
2101.3075882683415,40873.757671479056,@SPIROU
2106.098329645997,8543.997733936652,@SPIROU
2106.4392362451026,28241.44066551711,@SPIROU
2107.083533485051,3247.228534152734,@SPIROU
2107.6545619800613,5602.961450980407,@SPIROU
2108.165405253243,7705.056182294556,@SPIROU
2110.574980113914,409845.73714370234,@SPIROU
2111.7905579060107,207401.52017374657,@SPIROU
2112.400352764344,5123.466195277,@SPIROU
2112.7852571219014,9688.122901025268,@SPIROU
2113.5425022227732,7584.211787408067,@SPIROU
2118.1243016907174,12095.517673241928,@SPIROU
2118.4210305003135,14921.416527826119,@SPIROU
2120.229713796015,7375.728114036507,@SPIROU
2121.6646024715733,10025.68995586118,@SPIROU
2125.3732131642378,40984.03749467146,@SPIROU
2125.4937677821194,7841.31853072917,@SPIROU
2130.7065161927535,13414.547650565068,@SPIROU
2138.2108440024217,89289.3490433708,@SPIROU
2140.673699400281,13429.852922615362,@SPIROU
2141.518655081384,5095.253164986907,@SPIROU
2143.57093948022,24566.644800187612,@SPIROU
2144.6589174063206,34891.731216518005,@SPIROU
2144.8152445970536,22975.09478501308,@SPIROU
2144.9670696802405,10971.347945650024,@SPIROU
2145.531173993799,13839.573231826238,@SPIROU
2146.6624064027205,30429.14656998158,@SPIROU
2152.797313314132,10351.522254350652,@SPIROU
2153.192440678602,15521.310010138777,@SPIROU
2159.2461253570827,22696.47381556308,@SPIROU
2161.1308076569353,8231.266041575005,@SPIROU
2161.24439734536,8694.15524903634,@SPIROU
2168.044220063777,72215.20020481854,@SPIROU
2168.2828671893353,9401.240830749948,@SPIROU
2168.5595049857993,7938.651334428744,@SPIROU
2169.9309626068416,435525.39776819956,@SPIROU
2173.378135936313,10283.184404798316,@SPIROU
2175.0547757791483,8232.202075765617,@SPIROU
2175.3848605157336,35930.661964651496,@SPIROU
2176.4321930389697,19942.436462964317,@SPIROU
2179.4832465447575,11755.649347189936,@SPIROU
2179.8314292163304,13014.652969294864,@SPIROU
2181.10117477496,8886.568733764023,@SPIROU
2181.778463084895,49844.60866675683,@SPIROU
2182.2540932398488,8463.47637782484,@SPIROU
2182.4542559974084,14117.060989582304,@SPIROU
2183.662846838043,21272.387395457212,@SPIROU
2184.444555872154,7530.446990335795,@SPIROU
2185.9418687896487,99347.5026143473,@SPIROU
2188.1026743064917,10988.38557630872,@SPIROU
2189.4732967091236,26481.069852869732,@SPIROU
2190.5854732335565,13172.069791951122,@SPIROU
2191.42810612814,31725.1234020524,@SPIROU
2191.620346659356,2418394.566863926,@SPIROU
2191.9272541165183,34792.33939848043,@SPIROU
2192.627836069363,14103.388245010445,@SPIROU
2193.8572333582733,88438.31305428293,@SPIROU
2196.0932000843695,23686.615665596422,@SPIROU
2205.894634915161,8987.19216667698,@SPIROU
2206.671144926856,57495.92481491726,@SPIROU
2211.402979691048,49010.761883882034,@SPIROU
2211.675816938549,239933.3720498121,@SPIROU
2213.212707309187,15898.591125166837,@SPIROU
2213.6149058549927,4464.028954600931,@SPIROU
2216.3817397493094,5806.238228819258,@SPIROU
2219.2802233451553,12052.28980897212,@SPIROU
2228.6700025666833,19771.613664418237,@SPIROU
2229.77884015561,40372.032983578734,@SPIROU
2231.228096235924,8579.8885390856,@SPIROU
2233.2504675914265,8502.843929573104,@SPIROU
2237.610388162307,17483.42338508783,@SPIROU
2238.1898626180923,18396.587749442617,@SPIROU
2239.311061430266,9441.09654114418,@SPIROU
2241.629922651978,8629.816119164941,@SPIROU
2241.797782864078,11060.139520345134,@SPIROU
2242.6338775028585,41792.49007059948,@SPIROU
2245.45208507459,10719.574363319676,@SPIROU
2246.490161726092,48172.94252547897,@SPIROU
2247.0541644707664,81036.01300889906,@SPIROU
2251.1347796225173,19178.98359893152,@SPIROU
2252.5060506748414,28486.39897802448,@SPIROU
2258.527151064181,13794.657046333217,@SPIROU
2260.1133619358225,14959.35767366158,@SPIROU
2262.6550393425277,17985.160179068076,@SPIROU
2264.425633274964,10186.03683351038,@SPIROU
2277.163227760746,18161.912886003858,@SPIROU
2278.4289849252023,16931.729627859,@SPIROU
2281.714596531305,43921.001056611545,@SPIROU
2287.981033933108,12364.154769593002,@SPIROU
2293.2695616811334,6520.751789092528,@SPIROU
2299.8562748625036,46668.781493906514,@SPIROU
2304.252661990749,53844.083736412686,@SPIROU
2304.9236736748094,23561.308383822652,@SPIROU
2305.5002349193246,150216.32909159502,@SPIROU
2306.136246182608,71427.73600389558,@SPIROU
2311.9433743799955,16887.557127846478,@SPIROU
2316.3071227158425,187794.27976078022,@SPIROU
2316.8738325597405,33796.88196270001,@SPIROU
2318.84625327002,21981.28084007863,@SPIROU
2328.9901361409584,39036.665788202255,@SPIROU
2331.4178560121727,53629.859620443574,@SPIROU
2333.4817172354433,15141.395419231612,@SPIROU
2333.9117905407415,62229.655339410296,@SPIROU
2334.043630019288,13230.73905610224,@SPIROU
2340.1833881164653,12473.256735731065,@SPIROU
2350.776239228018,11219.763253456147,@SPIROU
2353.1063462416696,9630.264959884169,@SPIROU
2357.7595304487736,40214.34951671985,@SPIROU
2369.649158250028,23284.838706627783,@SPIROU
2370.8161160795603,14889210.402193889,@SPIROU
2371.559004134556,138925756.37646604,@SPIROU
2374.0218777731893,15259.17016561213,@SPIROU
2379.297381536982,97207.84045731137,@SPIROU
2381.222837927307,16812.673556991183,@SPIROU
2390.669369852725,26553.484746933376,@SPIROU
2391.85769006212,2683824.289920695,@SPIROU
2396.2962070340254,185918968.78378162,@SPIROU
2397.8417001680245,3777088.9747632705,@SPIROU
2398.4724386660337,89969835.59141627,@SPIROU
2409.358319414217,3014117.518789945,@SPIROU
2409.9030592879417,545109.1280425339,@SPIROU
2410.51959402766,12874045.346667174,@SPIROU
2415.6545880634285,2361537.4666075017,@SPIROU
